[Nest] 36568  - 10/08/2026, 8:27:56 PM     LOG [NestFactory] Starting Nest application...
[Nest] 36568  - 10/08/2026, 8:27:56 PM    WARN [AiService] Using MockAIProvider in test environment
[Nest] 36568  - 10/08/2026, 8:27:56 PM    WARN [AiService] Using MockAIProvider in test environment
[Nest] 36568  - 10/08/2026, 8:27:57 PM     LOG [InstanceLoader] PrismaModule dependencies initialized +603ms
[Nest] 36568  - 10/08/2026, 8:27:57 PM     LOG [InstanceLoader] PassportModule dependencies initialized +0ms
[Upstash QStash] client token is not set. Either pass a token or set QSTASH_TOKEN env variable.
[Upstash QStash] client token is not set. Either pass a token or set QSTASH_TOKEN env variable.
[Nest] 36568  - 10/08/2026, 8:27:57 PM     LOG [InstanceLoader] JwtModule dependencies initialized +21ms
[Nest] 36568  - 10/08/2026, 8:27:57 PM     LOG [InstanceLoader] WebhooksModule dependencies initialized +0ms
[Nest] 36568  - 10/08/2026, 8:27:57 PM     LOG [InstanceLoader] AppModule dependencies initialized +1ms
[Nest] 36568  - 10/08/2026, 8:27:57 PM     LOG [InstanceLoader] AiModule dependencies initialized +2ms
[Nest] 36568  - 10/08/2026, 8:27:57 PM     LOG [InstanceLoader] SeoModule dependencies initialized +0ms
[Nest] 36568  - 10/08/2026, 8:27:57 PM     LOG [InstanceLoader] QueuesModule dependencies initialized +1ms
[Upstash QStash] client token is not set. Either pass a token or set QSTASH_TOKEN env variable.
[Upstash QStash] client token is not set. Either pass a token or set QSTASH_TOKEN env variable.
[Nest] 36568  - 10/08/2026, 8:27:57 PM     LOG [InstanceLoader] WorkspacesModule dependencies initialized +1ms
[Nest] 36568  - 10/08/2026, 8:27:57 PM     LOG [InstanceLoader] BrandProfilesModule dependencies initialized +0ms
[Nest] 36568  - 10/08/2026, 8:27:57 PM     LOG [InstanceLoader] SourcesModule dependencies initialized +0ms
[Nest] 36568  - 10/08/2026, 8:27:57 PM     LOG [InstanceLoader] SeoAuditModule dependencies initialized +0ms
[Nest] 36568  - 10/08/2026, 8:27:57 PM     LOG [InstanceLoader] KeywordResearchModule dependencies initialized +0ms
[Nest] 36568  - 10/08/2026, 8:27:57 PM     LOG [InstanceLoader] ContentPacksModule dependencies initialized +0ms
[Nest] 36568  - 10/08/2026, 8:27:57 PM     LOG [InstanceLoader] ResearchModule dependencies initialized +0ms
[Nest] 36568  - 10/08/2026, 8:27:57 PM     LOG [InstanceLoader] SeoOpportunitiesModule dependencies initialized +0ms
[Nest] 36568  - 10/08/2026, 8:27:57 PM     LOG [InstanceLoader] AnalyticsModule dependencies initialized +0ms
[Nest] 36568  - 10/08/2026, 8:27:57 PM     LOG [InstanceLoader] AiReportsModule dependencies initialized +0ms
[Nest] 36568  - 10/08/2026, 8:27:57 PM     LOG [InstanceLoader] AiAgentModule dependencies initialized +0ms
[Nest] 36568  - 10/08/2026, 8:27:57 PM     LOG [InstanceLoader] SeoStudioModule dependencies initialized +0ms
[Nest] 36568  - 10/08/2026, 8:27:57 PM     LOG [InstanceLoader] InstagramModule dependencies initialized +0ms
[Upstash QStash] client token is not set. Either pass a token or set QSTASH_TOKEN env variable.
[Nest] 36568  - 10/08/2026, 8:27:57 PM     LOG [InstanceLoader] AuthModule dependencies initialized +0ms
[Nest] 36568  - 10/08/2026, 8:27:57 PM     LOG [InstanceLoader] GscModule dependencies initialized +0ms
[Nest] 36568  - 10/08/2026, 8:27:57 PM     LOG [InstanceLoader] SeoContentModule dependencies initialized +0ms
[Nest] 36568  - 10/08/2026, 8:27:57 PM     LOG [InstanceLoader] AutomationsModule dependencies initialized +0ms
[Nest] 36568  - 10/08/2026, 8:27:57 PM    WARN [Bootstrap] helmet not installed — security headers not applied. Run: npm install helmet
[Nest] 36568  - 10/08/2026, 8:27:57 PM     LOG [RoutesResolver] AppController {/api}: +9ms
[Nest] 36568  - 10/08/2026, 8:27:57 PM     LOG [RouterExplorer] Mapped {/api/health, GET} route +2ms
[Nest] 36568  - 10/08/2026, 8:27:57 PM     LOG [RouterExplorer] Mapped {/api/health/ai, GET} route +0ms
[Nest] 36568  - 10/08/2026, 8:27:57 PM     LOG [RoutesResolver] AuthController {/api/auth}: +0ms
[Nest] 36568  - 10/08/2026, 8:27:57 PM     LOG [RouterExplorer] Mapped {/api/auth/register, POST} route +0ms
[Nest] 36568  - 10/08/2026, 8:27:57 PM     LOG [RouterExplorer] Mapped {/api/auth/login, POST} route +1ms
[Nest] 36568  - 10/08/2026, 8:27:57 PM     LOG [RouterExplorer] Mapped {/api/auth/logout, POST} route +0ms
[Nest] 36568  - 10/08/2026, 8:27:57 PM     LOG [RouterExplorer] Mapped {/api/auth/me, GET} route +0ms
[Nest] 36568  - 10/08/2026, 8:27:57 PM     LOG [RoutesResolver] WorkspacesController {/api/workspaces}: +0ms
[Nest] 36568  - 10/08/2026, 8:27:57 PM     LOG [RouterExplorer] Mapped {/api/workspaces, POST} route +1ms
[Nest] 36568  - 10/08/2026, 8:27:57 PM     LOG [RouterExplorer] Mapped {/api/workspaces, GET} route +0ms
[Nest] 36568  - 10/08/2026, 8:27:57 PM     LOG [RouterExplorer] Mapped {/api/workspaces/:workspaceId, GET} route +0ms
[Nest] 36568  - 10/08/2026, 8:27:57 PM     LOG [RouterExplorer] Mapped {/api/workspaces/:workspaceId/stats, GET} route +1ms
[Nest] 36568  - 10/08/2026, 8:27:57 PM     LOG [RouterExplorer] Mapped {/api/workspaces/:workspaceId, PATCH} route +0ms
[Nest] 36568  - 10/08/2026, 8:27:57 PM     LOG [RouterExplorer] Mapped {/api/workspaces/:workspaceId/integrations, GET} route +0ms
[Nest] 36568  - 10/08/2026, 8:27:57 PM     LOG [RoutesResolver] BrandProfilesController {/api/workspaces/:workspaceId/brand-profile}: +0ms
[Nest] 36568  - 10/08/2026, 8:27:57 PM     LOG [RouterExplorer] Mapped {/api/workspaces/:workspaceId/brand-profile, GET} route +0ms
[Nest] 36568  - 10/08/2026, 8:27:57 PM     LOG [RouterExplorer] Mapped {/api/workspaces/:workspaceId/brand-profile, PUT} route +0ms
[Nest] 36568  - 10/08/2026, 8:27:57 PM     LOG [RoutesResolver] AiController {/api/ai}: +0ms
[Nest] 36568  - 10/08/2026, 8:27:57 PM     LOG [RouterExplorer] Mapped {/api/ai/test, POST} route +1ms
[Nest] 36568  - 10/08/2026, 8:27:57 PM     LOG [RoutesResolver] ContentPacksController {/api/workspaces/:workspaceId/content-packs}: +0ms
[Nest] 36568  - 10/08/2026, 8:27:57 PM     LOG [RouterExplorer] Mapped {/api/workspaces/:workspaceId/content-packs/generate, POST} route +0ms
[Nest] 36568  - 10/08/2026, 8:27:57 PM     LOG [RouterExplorer] Mapped {/api/workspaces/:workspaceId/content-packs, GET} route +0ms
[Nest] 36568  - 10/08/2026, 8:27:57 PM     LOG [RouterExplorer] Mapped {/api/workspaces/:workspaceId/content-packs/:id, GET} route +0ms
[Nest] 36568  - 10/08/2026, 8:27:57 PM     LOG [RouterExplorer] Mapped {/api/workspaces/:workspaceId/content-packs/:id, PUT} route +0ms
[Nest] 36568  - 10/08/2026, 8:27:57 PM     LOG [RouterExplorer] Mapped {/api/workspaces/:workspaceId/content-packs/:id, DELETE} route +0ms
[Nest] 36568  - 10/08/2026, 8:27:57 PM     LOG [RoutesResolver] SourcesController {/api/workspaces/:workspaceId/sources}: +0ms
[Nest] 36568  - 10/08/2026, 8:27:57 PM     LOG [RouterExplorer] Mapped {/api/workspaces/:workspaceId/sources, POST} route +0ms
[Nest] 36568  - 10/08/2026, 8:27:57 PM     LOG [RouterExplorer] Mapped {/api/workspaces/:workspaceId/sources, GET} route +0ms
[Nest] 36568  - 10/08/2026, 8:27:57 PM     LOG [RouterExplorer] Mapped {/api/workspaces/:workspaceId/sources/:id, GET} route +0ms
[Nest] 36568  - 10/08/2026, 8:27:57 PM     LOG [RouterExplorer] Mapped {/api/workspaces/:workspaceId/sources/:id, PUT} route +1ms
[Nest] 36568  - 10/08/2026, 8:27:57 PM     LOG [RouterExplorer] Mapped {/api/workspaces/:workspaceId/sources/:id, DELETE} route +0ms
[Nest] 36568  - 10/08/2026, 8:27:57 PM     LOG [RoutesResolver] ResearchController {/api/workspaces/:workspaceId/research}: +0ms
[Nest] 36568  - 10/08/2026, 8:27:57 PM     LOG [RouterExplorer] Mapped {/api/workspaces/:workspaceId/research, GET} route +0ms
[Nest] 36568  - 10/08/2026, 8:27:57 PM     LOG [RouterExplorer] Mapped {/api/workspaces/:workspaceId/research/:id, GET} route +0ms
[Nest] 36568  - 10/08/2026, 8:27:57 PM     LOG [RouterExplorer] Mapped {/api/workspaces/:workspaceId/research/sync, POST} route +0ms
[Nest] 36568  - 10/08/2026, 8:27:57 PM     LOG [RouterExplorer] Mapped {/api/workspaces/:workspaceId/research/:id/convert, POST} route +0ms
[Nest] 36568  - 10/08/2026, 8:27:57 PM     LOG [RoutesResolver] SeoController {/api/seo}: +0ms
[Nest] 36568  - 10/08/2026, 8:27:57 PM     LOG [RouterExplorer] Mapped {/api/seo/health, GET} route +0ms
[Nest] 36568  - 10/08/2026, 8:27:57 PM     LOG [RouterExplorer] Mapped {/api/seo/keywords, GET} route +0ms
[Nest] 36568  - 10/08/2026, 8:27:57 PM     LOG [RouterExplorer] Mapped {/api/seo/audit, POST} route +0ms
[Nest] 36568  - 10/08/2026, 8:27:57 PM     LOG [RouterExplorer] Mapped {/api/seo/competitors, GET} route +1ms
[Nest] 36568  - 10/08/2026, 8:27:57 PM     LOG [RouterExplorer] Mapped {/api/seo/rank, POST} route +0ms
[Nest] 36568  - 10/08/2026, 8:27:57 PM     LOG [RoutesResolver] SeoOpportunitiesController {/api/workspaces/:workspaceId/seo-opportunities}: +0ms
[Nest] 36568  - 10/08/2026, 8:27:57 PM     LOG [RouterExplorer] Mapped {/api/workspaces/:workspaceId/seo-opportunities, GET} route +0ms
[Nest] 36568  - 10/08/2026, 8:27:57 PM     LOG [RouterExplorer] Mapped {/api/workspaces/:workspaceId/seo-opportunities/analyze, POST} route +0ms
[Nest] 36568  - 10/08/2026, 8:27:57 PM     LOG [RouterExplorer] Mapped {/api/workspaces/:workspaceId/seo-opportunities/:id/convert, POST} route +0ms
[Nest] 36568  - 10/08/2026, 8:27:57 PM     LOG [RoutesResolver] GscController {/api/workspaces/:workspaceId/gsc}: +0ms
[Nest] 36568  - 10/08/2026, 8:27:57 PM     LOG [RouterExplorer] Mapped {/api/workspaces/:workspaceId/gsc/auth-url, GET} route +0ms
[Nest] 36568  - 10/08/2026, 8:27:57 PM     LOG [RouterExplorer] Mapped {/api/workspaces/:workspaceId/gsc/status, GET} route +0ms
[Nest] 36568  - 10/08/2026, 8:27:57 PM     LOG [RouterExplorer] Mapped {/api/workspaces/:workspaceId/gsc/properties, GET} route +0ms
[Nest] 36568  - 10/08/2026, 8:27:57 PM     LOG [RouterExplorer] Mapped {/api/workspaces/:workspaceId/gsc/connect-property, POST} route +0ms
[Nest] 36568  - 10/08/2026, 8:27:57 PM     LOG [RouterExplorer] Mapped {/api/workspaces/:workspaceId/gsc/sync, POST} route +0ms
[Nest] 36568  - 10/08/2026, 8:27:57 PM     LOG [RouterExplorer] Mapped {/api/workspaces/:workspaceId/gsc/history/keyword, GET} route +1ms
[Nest] 36568  - 10/08/2026, 8:27:57 PM     LOG [RouterExplorer] Mapped {/api/workspaces/:workspaceId/gsc/history/property, GET} route +0ms
[Nest] 36568  - 10/08/2026, 8:27:57 PM     LOG [RouterExplorer] Mapped {/api/workspaces/:workspaceId/gsc/performance, GET} route +0ms
[Nest] 36568  - 10/08/2026, 8:27:57 PM     LOG [RouterExplorer] Mapped {/api/workspaces/:workspaceId/gsc/top-queries, GET} route +0ms
[Nest] 36568  - 10/08/2026, 8:27:57 PM     LOG [RouterExplorer] Mapped {/api/workspaces/:workspaceId/gsc/top-pages, GET} route +0ms
[Nest] 36568  - 10/08/2026, 8:27:57 PM     LOG [RoutesResolver] GscPublicController {/api/gsc}: +0ms
[Nest] 36568  - 10/08/2026, 8:27:57 PM     LOG [RouterExplorer] Mapped {/api/gsc/callback, GET} route +0ms
[Nest] 36568  - 10/08/2026, 8:27:57 PM     LOG [RoutesResolver] WebhooksController {/api/webhooks}: +0ms
[Nest] 36568  - 10/08/2026, 8:27:57 PM     LOG [RouterExplorer] Mapped {/api/webhooks/n8n, POST} route +0ms
[Nest] 36568  - 10/08/2026, 8:27:57 PM     LOG [RoutesResolver] AnalyticsController {/api/workspaces/:workspaceId/analytics}: +0ms
[Nest] 36568  - 10/08/2026, 8:27:57 PM     LOG [RouterExplorer] Mapped {/api/workspaces/:workspaceId/analytics/overview, GET} route +0ms
[Nest] 36568  - 10/08/2026, 8:27:57 PM     LOG [RouterExplorer] Mapped {/api/workspaces/:workspaceId/analytics/seo, GET} route +0ms
[Nest] 36568  - 10/08/2026, 8:27:57 PM     LOG [RouterExplorer] Mapped {/api/workspaces/:workspaceId/analytics/keywords, GET} route +1ms
[Nest] 36568  - 10/08/2026, 8:27:57 PM     LOG [RouterExplorer] Mapped {/api/workspaces/:workspaceId/analytics/pages, GET} route +0ms
[Nest] 36568  - 10/08/2026, 8:27:57 PM     LOG [RouterExplorer] Mapped {/api/workspaces/:workspaceId/analytics/opportunities, GET} route +0ms
[Nest] 36568  - 10/08/2026, 8:27:57 PM     LOG [RouterExplorer] Mapped {/api/workspaces/:workspaceId/analytics/technical, GET} route +0ms
[Nest] 36568  - 10/08/2026, 8:27:57 PM     LOG [RouterExplorer] Mapped {/api/workspaces/:workspaceId/analytics/links, GET} route +0ms
[Nest] 36568  - 10/08/2026, 8:27:57 PM     LOG [RouterExplorer] Mapped {/api/workspaces/:workspaceId/analytics/content, GET} route +0ms
[Nest] 36568  - 10/08/2026, 8:27:57 PM     LOG [RouterExplorer] Mapped {/api/workspaces/:workspaceId/analytics/social, GET} route +0ms
[Nest] 36568  - 10/08/2026, 8:27:57 PM     LOG [RouterExplorer] Mapped {/api/workspaces/:workspaceId/analytics/insights, POST} route +0ms
[Nest] 36568  - 10/08/2026, 8:27:57 PM     LOG [RoutesResolver] AiReportsController {/api/workspaces/:workspaceId/reports}: +0ms
[Nest] 36568  - 10/08/2026, 8:27:57 PM     LOG [RouterExplorer] Mapped {/api/workspaces/:workspaceId/reports, GET} route +0ms
[Nest] 36568  - 10/08/2026, 8:27:57 PM     LOG [RouterExplorer] Mapped {/api/workspaces/:workspaceId/reports/:id, GET} route +0ms
[Nest] 36568  - 10/08/2026, 8:27:57 PM     LOG [RouterExplorer] Mapped {/api/workspaces/:workspaceId/reports/generate, POST} route +1ms
[Nest] 36568  - 10/08/2026, 8:27:57 PM     LOG [RoutesResolver] AiAgentController {/api/workspaces/:workspaceId/agent}: +0ms
[Nest] 36568  - 10/08/2026, 8:27:57 PM     LOG [RouterExplorer] Mapped {/api/workspaces/:workspaceId/agent/chat, POST} route +0ms
[Nest] 36568  - 10/08/2026, 8:27:57 PM     LOG [RoutesResolver] AutomationsController {/api}: +0ms
[Nest] 36568  - 10/08/2026, 8:27:57 PM     LOG [RouterExplorer] Mapped {/api/internal/automation/webhook, POST} route +0ms
[Nest] 36568  - 10/08/2026, 8:27:57 PM     LOG [RouterExplorer] Mapped {/api/workspaces/:workspaceId/automations, GET} route +0ms
[Nest] 36568  - 10/08/2026, 8:27:57 PM     LOG [RouterExplorer] Mapped {/api/workspaces/:workspaceId/automations, POST} route +0ms
[Nest] 36568  - 10/08/2026, 8:27:57 PM     LOG [RouterExplorer] Mapped {/api/workspaces/:workspaceId/automations/:automationId, GET} route +0ms
[Nest] 36568  - 10/08/2026, 8:27:57 PM     LOG [RouterExplorer] Mapped {/api/workspaces/:workspaceId/automations/:automationId, PATCH} route +0ms
[Nest] 36568  - 10/08/2026, 8:27:57 PM     LOG [RouterExplorer] Mapped {/api/workspaces/:workspaceId/automations/:automationId/run, POST} route +0ms
[Nest] 36568  - 10/08/2026, 8:27:57 PM     LOG [RouterExplorer] Mapped {/api/workspaces/:workspaceId/automations/:automationId/runs, GET} route +0ms
[Nest] 36568  - 10/08/2026, 8:27:57 PM     LOG [RoutesResolver] QueuesController {/api/internal/queues}: +0ms
[Nest] 36568  - 10/08/2026, 8:27:57 PM     LOG [RouterExplorer] Mapped {/api/internal/queues/analytics/sync-gsc, POST} route +0ms
[Nest] 36568  - 10/08/2026, 8:27:57 PM     LOG [RouterExplorer] Mapped {/api/internal/queues/research/sync-workspace, POST} route +1ms
[Nest] 36568  - 10/08/2026, 8:27:57 PM     LOG [RouterExplorer] Mapped {/api/internal/queues/research/sync-all, POST} route +0ms
[Nest] 36568  - 10/08/2026, 8:27:57 PM     LOG [RouterExplorer] Mapped {/api/internal/queues/seo/analyze-metrics, POST} route +0ms
[Nest] 36568  - 10/08/2026, 8:27:57 PM     LOG [RouterExplorer] Mapped {/api/internal/queues/analytics/sync-all-gsc, POST} route +0ms
[Nest] 36568  - 10/08/2026, 8:27:57 PM     LOG [RouterExplorer] Mapped {/api/internal/queues/seo/audit-run, POST} route +0ms
[Nest] 36568  - 10/08/2026, 8:27:57 PM     LOG [RoutesResolver] SeoAuditController {/api/workspaces/:workspaceId/seo/audits}: +0ms
[Nest] 36568  - 10/08/2026, 8:27:57 PM     LOG [RouterExplorer] Mapped {/api/workspaces/:workspaceId/seo/audits, POST} route +0ms
[Nest] 36568  - 10/08/2026, 8:27:57 PM     LOG [RouterExplorer] Mapped {/api/workspaces/:workspaceId/seo/audits, GET} route +0ms
[Nest] 36568  - 10/08/2026, 8:27:57 PM     LOG [RouterExplorer] Mapped {/api/workspaces/:workspaceId/seo/audits/:auditId, GET} route +0ms
[Nest] 36568  - 10/08/2026, 8:27:57 PM     LOG [RouterExplorer] Mapped {/api/workspaces/:workspaceId/seo/audits/links/summary, GET} route +0ms
[Nest] 36568  - 10/08/2026, 8:27:57 PM     LOG [RouterExplorer] Mapped {/api/workspaces/:workspaceId/seo/audits/links/internal, GET} route +0ms
[Nest] 36568  - 10/08/2026, 8:27:57 PM     LOG [RouterExplorer] Mapped {/api/workspaces/:workspaceId/seo/audits/links/external, GET} route +0ms
[Nest] 36568  - 10/08/2026, 8:27:57 PM     LOG [RouterExplorer] Mapped {/api/workspaces/:workspaceId/seo/audits/links/broken, GET} route +1ms
[Nest] 36568  - 10/08/2026, 8:27:57 PM     LOG [RouterExplorer] Mapped {/api/workspaces/:workspaceId/seo/audits/links/orphans, GET} route +0ms
[Nest] 36568  - 10/08/2026, 8:27:57 PM     LOG [RouterExplorer] Mapped {/api/workspaces/:workspaceId/seo/audits/links/sitemap, GET} route +0ms
[Nest] 36568  - 10/08/2026, 8:27:57 PM     LOG [RouterExplorer] Mapped {/api/workspaces/:workspaceId/seo/audits/backlinks, GET} route +0ms
[Nest] 36568  - 10/08/2026, 8:27:57 PM     LOG [RoutesResolver] SeoContentController {/api/workspaces/:workspaceId/seo/content}: +0ms
[Nest] 36568  - 10/08/2026, 8:27:57 PM     LOG [RouterExplorer] Mapped {/api/workspaces/:workspaceId/seo/content/analyze, POST} route +0ms
[Nest] 36568  - 10/08/2026, 8:27:57 PM     LOG [RouterExplorer] Mapped {/api/workspaces/:workspaceId/seo/content/analyses, GET} route +0ms
[Nest] 36568  - 10/08/2026, 8:27:57 PM     LOG [RouterExplorer] Mapped {/api/workspaces/:workspaceId/seo/content/analyses/:analysisId, GET} route +0ms
[Nest] 36568  - 10/08/2026, 8:27:57 PM     LOG [RouterExplorer] Mapped {/api/workspaces/:workspaceId/seo/content/analyses/:analysisId/reanalyze, POST} route +0ms
[Nest] 36568  - 10/08/2026, 8:27:57 PM     LOG [RoutesResolver] SeoStudioController {/api/workspaces/:workspaceId/seo}: +0ms
[Nest] 36568  - 10/08/2026, 8:27:57 PM     LOG [RouterExplorer] Mapped {/api/workspaces/:workspaceId/seo/content-briefs, POST} route +0ms
[Nest] 36568  - 10/08/2026, 8:27:57 PM     LOG [RouterExplorer] Mapped {/api/workspaces/:workspaceId/seo/content-briefs, GET} route +0ms
[Nest] 36568  - 10/08/2026, 8:27:57 PM     LOG [RouterExplorer] Mapped {/api/workspaces/:workspaceId/seo/content-briefs/:briefId, GET} route +1ms
[Nest] 36568  - 10/08/2026, 8:27:57 PM     LOG [RouterExplorer] Mapped {/api/workspaces/:workspaceId/seo/content-briefs/:briefId/generate-draft, POST} route +0ms
[Nest] 36568  - 10/08/2026, 8:27:57 PM     LOG [RouterExplorer] Mapped {/api/workspaces/:workspaceId/seo/content-briefs/:briefId/drafts, GET} route +0ms
[Nest] 36568  - 10/08/2026, 8:27:57 PM     LOG [RouterExplorer] Mapped {/api/workspaces/:workspaceId/seo/content-drafts/:draftId, GET} route +0ms
[Nest] 36568  - 10/08/2026, 8:27:57 PM     LOG [RouterExplorer] Mapped {/api/workspaces/:workspaceId/seo/content-drafts/:draftId, PATCH} route +0ms
[Nest] 36568  - 10/08/2026, 8:27:57 PM     LOG [RouterExplorer] Mapped {/api/workspaces/:workspaceId/seo/content-drafts/:draftId/regenerate-section, POST} route +0ms
[Nest] 36568  - 10/08/2026, 8:27:57 PM     LOG [RoutesResolver] InstagramController {/api/workspaces/:workspaceId/social/instagram}: +0ms
[Nest] 36568  - 10/08/2026, 8:27:57 PM     LOG [RouterExplorer] Mapped {/api/workspaces/:workspaceId/social/instagram/auth-url, GET} route +0ms
[Nest] 36568  - 10/08/2026, 8:27:57 PM     LOG [RouterExplorer] Mapped {/api/workspaces/:workspaceId/social/instagram/status, GET} route +0ms
[Nest] 36568  - 10/08/2026, 8:27:57 PM     LOG [RouterExplorer] Mapped {/api/workspaces/:workspaceId/social/instagram/sync, POST} route +0ms
[Nest] 36568  - 10/08/2026, 8:27:57 PM     LOG [RouterExplorer] Mapped {/api/workspaces/:workspaceId/social/instagram/top-content, GET} route +1ms
[Nest] 36568  - 10/08/2026, 8:27:57 PM     LOG [RouterExplorer] Mapped {/api/workspaces/:workspaceId/social/instagram/insights, GET} route +0ms
[Nest] 36568  - 10/08/2026, 8:27:57 PM     LOG [RouterExplorer] Mapped {/api/workspaces/:workspaceId/social/instagram/analyze, POST} route +0ms
[Nest] 36568  - 10/08/2026, 8:27:57 PM     LOG [RouterExplorer] Mapped {/api/workspaces/:workspaceId/social/instagram/disconnect, POST} route +0ms
[Nest] 36568  - 10/08/2026, 8:27:57 PM     LOG [RoutesResolver] InstagramPublicController {/api}: +0ms
[Nest] 36568  - 10/08/2026, 8:27:57 PM     LOG [RouterExplorer] Mapped {/api/*instagram/callback, GET} route +0ms
[Nest] 36568  - 10/08/2026, 8:27:57 PM     LOG [RoutesResolver] KeywordResearchController {/api/workspaces/:workspaceId/keyword-research}: +0ms
[Nest] 36568  - 10/08/2026, 8:27:57 PM     LOG [RouterExplorer] Mapped {/api/workspaces/:workspaceId/keyword-research, GET} route +0ms
[Nest] 36568  - 10/08/2026, 8:27:57 PM     LOG [RouterExplorer] Mapped {/api/workspaces/:workspaceId/keyword-research/suggestions, GET} route +0ms
[Nest] 36568  - 10/08/2026, 8:27:57 PM     LOG [RouterExplorer] Mapped {/api/workspaces/:workspaceId/keyword-research/trends, GET} route +1ms
[Nest] 36568  - 10/08/2026, 8:27:57 PM     LOG [RouterExplorer] Mapped {/api/workspaces/:workspaceId/keyword-research/related, GET} route +0ms
[Nest] 36568  - 10/08/2026, 8:27:57 PM     LOG [RouterExplorer] Mapped {/api/workspaces/:workspaceId/keyword-research/compare, GET} route +0ms
[Nest] 36568  - 10/08/2026, 8:27:57 PM     LOG [PrismaService] Successfully connected to the database.
[Nest] 36568  - 10/08/2026, 8:27:57 PM     LOG [NestApplication] Nest application successfully started +12ms
[Nest] 36568  - 10/08/2026, 8:27:57 PM     LOG [Bootstrap] Application running on port 3001. CORS origin: http://localhost:3000
[Nest] 36568  - 10/08/2026, 8:30:34 PM   ERROR [ExceptionsHandler] Email already in use
ConflictException: Email already in use
    at AuthService.register (/Users/mac/Desktop/SEO/apps/api/src/auth/auth.service.ts:17:13)
    at async AuthController.register (/Users/mac/Desktop/SEO/apps/api/src/auth/auth.controller.ts:22:35)
    at async /Users/mac/Desktop/SEO/node_modules/@nestjs/core/router/router-execution-context.js:46:28
    at async /Users/mac/Desktop/SEO/node_modules/@nestjs/core/router/router-proxy.js:9:17
[Nest] 36568  - 10/08/2026, 8:30:34 PM   ERROR [ExceptionsHandler] Invalid credentials
UnauthorizedException: Invalid credentials
    at AuthService.login (/Users/mac/Desktop/SEO/apps/api/src/auth/auth.service.ts:46:13)
    at async AuthController.login (/Users/mac/Desktop/SEO/apps/api/src/auth/auth.controller.ts:30:35)
    at async /Users/mac/Desktop/SEO/node_modules/@nestjs/core/router/router-execution-context.js:46:28
    at async /Users/mac/Desktop/SEO/node_modules/@nestjs/core/router/router-proxy.js:9:17
[Nest] 36568  - 10/08/2026, 8:30:34 PM   ERROR [ExceptionsHandler] Bad Request Exception
BadRequestException: Bad Request Exception
    at ValidationPipe.exceptionFactory (/Users/mac/Desktop/SEO/apps/api/node_modules/@nestjs/common/pipes/validation.pipe.js:101:20)
    at ValidationPipe.transform (/Users/mac/Desktop/SEO/apps/api/node_modules/@nestjs/common/pipes/validation.pipe.js:74:30)
    at processTicksAndRejections (node:internal/process/task_queues:104:5)
    at async resolveParamValue (/Users/mac/Desktop/SEO/node_modules/@nestjs/core/router/router-execution-context.js:148:23)
    at async Promise.all (index 1)
    at async pipesFn (/Users/mac/Desktop/SEO/node_modules/@nestjs/core/router/router-execution-context.js:151:13)
    at async /Users/mac/Desktop/SEO/node_modules/@nestjs/core/router/router-execution-context.js:37:30
    at async /Users/mac/Desktop/SEO/node_modules/@nestjs/core/router/router-execution-context.js:46:28
    at async /Users/mac/Desktop/SEO/node_modules/@nestjs/core/router/router-proxy.js:9:17
[Nest] 36568  - 10/08/2026, 8:30:34 PM   ERROR [ExceptionsHandler] Unauthorized
UnauthorizedException: Unauthorized
    at JwtAuthGuard.handleRequest (/Users/mac/Desktop/SEO/apps/api/node_modules/@nestjs/passport/dist/auth.guard.js:60:30)
    at /Users/mac/Desktop/SEO/apps/api/node_modules/@nestjs/passport/dist/auth.guard.js:44:124
    at /Users/mac/Desktop/SEO/apps/api/node_modules/@nestjs/passport/dist/auth.guard.js:83:24
    at allFailed (/Users/mac/Desktop/SEO/node_modules/passport/lib/middleware/authenticate.js:110:18)
    at attempt (/Users/mac/Desktop/SEO/node_modules/passport/lib/middleware/authenticate.js:183:28)
    at JwtStrategy.strategy.fail (/Users/mac/Desktop/SEO/node_modules/passport/lib/middleware/authenticate.js:314:9)
    at JwtStrategy.authenticate (/Users/mac/Desktop/SEO/node_modules/passport-jwt/lib/strategy.js:96:21)
    at attempt (/Users/mac/Desktop/SEO/node_modules/passport/lib/middleware/authenticate.js:378:16)
    at authenticate (/Users/mac/Desktop/SEO/node_modules/passport/lib/middleware/authenticate.js:379:7)
    at /Users/mac/Desktop/SEO/apps/api/node_modules/@nestjs/passport/dist/auth.guard.js:88:3
[Nest] 36568  - 10/08/2026, 8:30:34 PM   ERROR [ExceptionsHandler] Unauthorized
UnauthorizedException: Unauthorized
    at JwtAuthGuard.handleRequest (/Users/mac/Desktop/SEO/apps/api/node_modules/@nestjs/passport/dist/auth.guard.js:60:30)
    at /Users/mac/Desktop/SEO/apps/api/node_modules/@nestjs/passport/dist/auth.guard.js:44:124
    at /Users/mac/Desktop/SEO/apps/api/node_modules/@nestjs/passport/dist/auth.guard.js:83:24
    at allFailed (/Users/mac/Desktop/SEO/node_modules/passport/lib/middleware/authenticate.js:110:18)
    at attempt (/Users/mac/Desktop/SEO/node_modules/passport/lib/middleware/authenticate.js:183:28)
    at JwtStrategy.strategy.fail (/Users/mac/Desktop/SEO/node_modules/passport/lib/middleware/authenticate.js:314:9)
    at JwtStrategy.authenticate (/Users/mac/Desktop/SEO/node_modules/passport-jwt/lib/strategy.js:96:21)
    at attempt (/Users/mac/Desktop/SEO/node_modules/passport/lib/middleware/authenticate.js:378:16)
    at authenticate (/Users/mac/Desktop/SEO/node_modules/passport/lib/middleware/authenticate.js:379:7)
    at /Users/mac/Desktop/SEO/apps/api/node_modules/@nestjs/passport/dist/auth.guard.js:88:3
[Nest] 36568  - 10/08/2026, 8:30:34 PM   ERROR [ExceptionsHandler] Unauthorized
UnauthorizedException: Unauthorized
    at JwtAuthGuard.handleRequest (/Users/mac/Desktop/SEO/apps/api/node_modules/@nestjs/passport/dist/auth.guard.js:60:30)
    at /Users/mac/Desktop/SEO/apps/api/node_modules/@nestjs/passport/dist/auth.guard.js:44:124
    at /Users/mac/Desktop/SEO/apps/api/node_modules/@nestjs/passport/dist/auth.guard.js:83:24
    at allFailed (/Users/mac/Desktop/SEO/node_modules/passport/lib/middleware/authenticate.js:110:18)
    at attempt (/Users/mac/Desktop/SEO/node_modules/passport/lib/middleware/authenticate.js:183:28)
    at JwtStrategy.strategy.fail (/Users/mac/Desktop/SEO/node_modules/passport/lib/middleware/authenticate.js:314:9)
    at JwtStrategy.authenticate (/Users/mac/Desktop/SEO/node_modules/passport-jwt/lib/strategy.js:96:21)
    at attempt (/Users/mac/Desktop/SEO/node_modules/passport/lib/middleware/authenticate.js:378:16)
    at authenticate (/Users/mac/Desktop/SEO/node_modules/passport/lib/middleware/authenticate.js:379:7)
    at /Users/mac/Desktop/SEO/apps/api/node_modules/@nestjs/passport/dist/auth.guard.js:88:3
[Nest] 36568  - 10/08/2026, 8:30:34 PM   ERROR [ExceptionsHandler] You do not have access to this workspace
ForbiddenException: You do not have access to this workspace
    at WorkspaceGuard.canActivate (/Users/mac/Desktop/SEO/apps/api/src/auth/workspace.guard.ts:29:13)
    at async GuardsConsumer.tryActivate (/Users/mac/Desktop/SEO/node_modules/@nestjs/core/guards/guards-consumer.js:16:17)
    at async canActivateFn (/Users/mac/Desktop/SEO/node_modules/@nestjs/core/router/router-execution-context.js:135:33)
    at async /Users/mac/Desktop/SEO/node_modules/@nestjs/core/router/router-execution-context.js:42:31
    at async /Users/mac/Desktop/SEO/node_modules/@nestjs/core/router/router-proxy.js:9:17
[Nest] 36568  - 10/08/2026, 8:30:34 PM   ERROR [ExceptionsHandler] Unauthorized
UnauthorizedException: Unauthorized
    at JwtAuthGuard.handleRequest (/Users/mac/Desktop/SEO/apps/api/node_modules/@nestjs/passport/dist/auth.guard.js:60:30)
    at /Users/mac/Desktop/SEO/apps/api/node_modules/@nestjs/passport/dist/auth.guard.js:44:124
    at /Users/mac/Desktop/SEO/apps/api/node_modules/@nestjs/passport/dist/auth.guard.js:83:24
    at allFailed (/Users/mac/Desktop/SEO/node_modules/passport/lib/middleware/authenticate.js:110:18)
    at attempt (/Users/mac/Desktop/SEO/node_modules/passport/lib/middleware/authenticate.js:183:28)
    at JwtStrategy.strategy.fail (/Users/mac/Desktop/SEO/node_modules/passport/lib/middleware/authenticate.js:314:9)
    at JwtStrategy.authenticate (/Users/mac/Desktop/SEO/node_modules/passport-jwt/lib/strategy.js:96:21)
    at attempt (/Users/mac/Desktop/SEO/node_modules/passport/lib/middleware/authenticate.js:378:16)
    at authenticate (/Users/mac/Desktop/SEO/node_modules/passport/lib/middleware/authenticate.js:379:7)
    at /Users/mac/Desktop/SEO/apps/api/node_modules/@nestjs/passport/dist/auth.guard.js:88:3
[Nest] 36568  - 10/08/2026, 8:30:34 PM   ERROR [ExceptionsHandler] You do not have access to this workspace
ForbiddenException: You do not have access to this workspace
    at WorkspaceGuard.canActivate (/Users/mac/Desktop/SEO/apps/api/src/auth/workspace.guard.ts:29:13)
    at async GuardsConsumer.tryActivate (/Users/mac/Desktop/SEO/node_modules/@nestjs/core/guards/guards-consumer.js:16:17)
    at async canActivateFn (/Users/mac/Desktop/SEO/node_modules/@nestjs/core/router/router-execution-context.js:135:33)
    at async /Users/mac/Desktop/SEO/node_modules/@nestjs/core/router/router-execution-context.js:42:31
    at async /Users/mac/Desktop/SEO/node_modules/@nestjs/core/router/router-proxy.js:9:17
[Nest] 36568  - 10/08/2026, 8:30:34 PM   ERROR [ExceptionsHandler] Unauthorized
UnauthorizedException: Unauthorized
    at JwtAuthGuard.handleRequest (/Users/mac/Desktop/SEO/apps/api/node_modules/@nestjs/passport/dist/auth.guard.js:60:30)
    at /Users/mac/Desktop/SEO/apps/api/node_modules/@nestjs/passport/dist/auth.guard.js:44:124
    at /Users/mac/Desktop/SEO/apps/api/node_modules/@nestjs/passport/dist/auth.guard.js:83:24
    at allFailed (/Users/mac/Desktop/SEO/node_modules/passport/lib/middleware/authenticate.js:110:18)
    at attempt (/Users/mac/Desktop/SEO/node_modules/passport/lib/middleware/authenticate.js:183:28)
    at JwtStrategy.strategy.fail (/Users/mac/Desktop/SEO/node_modules/passport/lib/middleware/authenticate.js:314:9)
    at JwtStrategy.authenticate (/Users/mac/Desktop/SEO/node_modules/passport-jwt/lib/strategy.js:96:21)
    at attempt (/Users/mac/Desktop/SEO/node_modules/passport/lib/middleware/authenticate.js:378:16)
    at authenticate (/Users/mac/Desktop/SEO/node_modules/passport/lib/middleware/authenticate.js:379:7)
    at /Users/mac/Desktop/SEO/apps/api/node_modules/@nestjs/passport/dist/auth.guard.js:88:3
[Nest] 36568  - 10/08/2026, 8:30:34 PM   ERROR [ExceptionsHandler] You do not have access to this workspace
ForbiddenException: You do not have access to this workspace
    at WorkspaceGuard.canActivate (/Users/mac/Desktop/SEO/apps/api/src/auth/workspace.guard.ts:29:13)
    at async GuardsConsumer.tryActivate (/Users/mac/Desktop/SEO/node_modules/@nestjs/core/guards/guards-consumer.js:16:17)
    at async canActivateFn (/Users/mac/Desktop/SEO/node_modules/@nestjs/core/router/router-execution-context.js:135:33)
    at async /Users/mac/Desktop/SEO/node_modules/@nestjs/core/router/router-execution-context.js:42:31
    at async /Users/mac/Desktop/SEO/node_modules/@nestjs/core/router/router-proxy.js:9:17
[Nest] 36568  - 10/08/2026, 8:30:34 PM   ERROR [ExceptionsHandler] Unauthorized
UnauthorizedException: Unauthorized
    at JwtAuthGuard.handleRequest (/Users/mac/Desktop/SEO/apps/api/node_modules/@nestjs/passport/dist/auth.guard.js:60:30)
    at /Users/mac/Desktop/SEO/apps/api/node_modules/@nestjs/passport/dist/auth.guard.js:44:124
    at /Users/mac/Desktop/SEO/apps/api/node_modules/@nestjs/passport/dist/auth.guard.js:83:24
    at allFailed (/Users/mac/Desktop/SEO/node_modules/passport/lib/middleware/authenticate.js:110:18)
    at attempt (/Users/mac/Desktop/SEO/node_modules/passport/lib/middleware/authenticate.js:183:28)
    at JwtStrategy.strategy.fail (/Users/mac/Desktop/SEO/node_modules/passport/lib/middleware/authenticate.js:314:9)
    at JwtStrategy.authenticate (/Users/mac/Desktop/SEO/node_modules/passport-jwt/lib/strategy.js:96:21)
    at attempt (/Users/mac/Desktop/SEO/node_modules/passport/lib/middleware/authenticate.js:378:16)
    at authenticate (/Users/mac/Desktop/SEO/node_modules/passport/lib/middleware/authenticate.js:379:7)
    at /Users/mac/Desktop/SEO/apps/api/node_modules/@nestjs/passport/dist/auth.guard.js:88:3
[Nest] 36568  - 10/08/2026, 8:30:34 PM   ERROR [ExceptionsHandler] You do not have access to this workspace
ForbiddenException: You do not have access to this workspace
    at WorkspaceGuard.canActivate (/Users/mac/Desktop/SEO/apps/api/src/auth/workspace.guard.ts:29:13)
    at async GuardsConsumer.tryActivate (/Users/mac/Desktop/SEO/node_modules/@nestjs/core/guards/guards-consumer.js:16:17)
    at async canActivateFn (/Users/mac/Desktop/SEO/node_modules/@nestjs/core/router/router-execution-context.js:135:33)
    at async /Users/mac/Desktop/SEO/node_modules/@nestjs/core/router/router-execution-context.js:42:31
    at async /Users/mac/Desktop/SEO/node_modules/@nestjs/core/router/router-proxy.js:9:17
[Nest] 36568  - 10/08/2026, 8:30:34 PM   ERROR [ExceptionsHandler] Unauthorized
UnauthorizedException: Unauthorized
    at JwtAuthGuard.handleRequest (/Users/mac/Desktop/SEO/apps/api/node_modules/@nestjs/passport/dist/auth.guard.js:60:30)
    at /Users/mac/Desktop/SEO/apps/api/node_modules/@nestjs/passport/dist/auth.guard.js:44:124
    at /Users/mac/Desktop/SEO/apps/api/node_modules/@nestjs/passport/dist/auth.guard.js:83:24
    at allFailed (/Users/mac/Desktop/SEO/node_modules/passport/lib/middleware/authenticate.js:110:18)
    at attempt (/Users/mac/Desktop/SEO/node_modules/passport/lib/middleware/authenticate.js:183:28)
    at JwtStrategy.strategy.fail (/Users/mac/Desktop/SEO/node_modules/passport/lib/middleware/authenticate.js:314:9)
    at JwtStrategy.authenticate (/Users/mac/Desktop/SEO/node_modules/passport-jwt/lib/strategy.js:96:21)
    at attempt (/Users/mac/Desktop/SEO/node_modules/passport/lib/middleware/authenticate.js:378:16)
    at authenticate (/Users/mac/Desktop/SEO/node_modules/passport/lib/middleware/authenticate.js:379:7)
    at /Users/mac/Desktop/SEO/apps/api/node_modules/@nestjs/passport/dist/auth.guard.js:88:3
[Nest] 36568  - 10/08/2026, 8:30:34 PM   ERROR [ExceptionsHandler] You do not have access to this workspace
ForbiddenException: You do not have access to this workspace
    at WorkspaceGuard.canActivate (/Users/mac/Desktop/SEO/apps/api/src/auth/workspace.guard.ts:29:13)
    at async GuardsConsumer.tryActivate (/Users/mac/Desktop/SEO/node_modules/@nestjs/core/guards/guards-consumer.js:16:17)
    at async canActivateFn (/Users/mac/Desktop/SEO/node_modules/@nestjs/core/router/router-execution-context.js:135:33)
    at async /Users/mac/Desktop/SEO/node_modules/@nestjs/core/router/router-execution-context.js:42:31
    at async /Users/mac/Desktop/SEO/node_modules/@nestjs/core/router/router-proxy.js:9:17
[Nest] 36568  - 10/08/2026, 8:30:34 PM   ERROR [ExceptionsHandler] Unauthorized
UnauthorizedException: Unauthorized
    at JwtAuthGuard.handleRequest (/Users/mac/Desktop/SEO/apps/api/node_modules/@nestjs/passport/dist/auth.guard.js:60:30)
    at /Users/mac/Desktop/SEO/apps/api/node_modules/@nestjs/passport/dist/auth.guard.js:44:124
    at /Users/mac/Desktop/SEO/apps/api/node_modules/@nestjs/passport/dist/auth.guard.js:83:24
    at allFailed (/Users/mac/Desktop/SEO/node_modules/passport/lib/middleware/authenticate.js:110:18)
    at attempt (/Users/mac/Desktop/SEO/node_modules/passport/lib/middleware/authenticate.js:183:28)
    at JwtStrategy.strategy.fail (/Users/mac/Desktop/SEO/node_modules/passport/lib/middleware/authenticate.js:314:9)
    at JwtStrategy.authenticate (/Users/mac/Desktop/SEO/node_modules/passport-jwt/lib/strategy.js:96:21)
    at attempt (/Users/mac/Desktop/SEO/node_modules/passport/lib/middleware/authenticate.js:378:16)
    at authenticate (/Users/mac/Desktop/SEO/node_modules/passport/lib/middleware/authenticate.js:379:7)
    at /Users/mac/Desktop/SEO/apps/api/node_modules/@nestjs/passport/dist/auth.guard.js:88:3
[Nest] 36568  - 10/08/2026, 8:30:34 PM   ERROR [ExceptionsHandler] You do not have access to this workspace
ForbiddenException: You do not have access to this workspace
    at WorkspaceGuard.canActivate (/Users/mac/Desktop/SEO/apps/api/src/auth/workspace.guard.ts:29:13)
    at async GuardsConsumer.tryActivate (/Users/mac/Desktop/SEO/node_modules/@nestjs/core/guards/guards-consumer.js:16:17)
    at async canActivateFn (/Users/mac/Desktop/SEO/node_modules/@nestjs/core/router/router-execution-context.js:135:33)
    at async /Users/mac/Desktop/SEO/node_modules/@nestjs/core/router/router-execution-context.js:42:31
    at async /Users/mac/Desktop/SEO/node_modules/@nestjs/core/router/router-proxy.js:9:17
[Nest] 36568  - 10/08/2026, 8:30:34 PM   ERROR [ExceptionsHandler] Unauthorized
UnauthorizedException: Unauthorized
    at JwtAuthGuard.handleRequest (/Users/mac/Desktop/SEO/apps/api/node_modules/@nestjs/passport/dist/auth.guard.js:60:30)
    at /Users/mac/Desktop/SEO/apps/api/node_modules/@nestjs/passport/dist/auth.guard.js:44:124
    at /Users/mac/Desktop/SEO/apps/api/node_modules/@nestjs/passport/dist/auth.guard.js:83:24
    at allFailed (/Users/mac/Desktop/SEO/node_modules/passport/lib/middleware/authenticate.js:110:18)
    at attempt (/Users/mac/Desktop/SEO/node_modules/passport/lib/middleware/authenticate.js:183:28)
    at JwtStrategy.strategy.fail (/Users/mac/Desktop/SEO/node_modules/passport/lib/middleware/authenticate.js:314:9)
    at JwtStrategy.authenticate (/Users/mac/Desktop/SEO/node_modules/passport-jwt/lib/strategy.js:96:21)
    at attempt (/Users/mac/Desktop/SEO/node_modules/passport/lib/middleware/authenticate.js:378:16)
    at authenticate (/Users/mac/Desktop/SEO/node_modules/passport/lib/middleware/authenticate.js:379:7)
    at /Users/mac/Desktop/SEO/apps/api/node_modules/@nestjs/passport/dist/auth.guard.js:88:3
[Nest] 36568  - 10/08/2026, 8:30:34 PM   ERROR [ExceptionsHandler] Unauthorized
UnauthorizedException: Unauthorized
    at JwtAuthGuard.handleRequest (/Users/mac/Desktop/SEO/apps/api/node_modules/@nestjs/passport/dist/auth.guard.js:60:30)
    at /Users/mac/Desktop/SEO/apps/api/node_modules/@nestjs/passport/dist/auth.guard.js:44:124
    at /Users/mac/Desktop/SEO/apps/api/node_modules/@nestjs/passport/dist/auth.guard.js:83:24
    at allFailed (/Users/mac/Desktop/SEO/node_modules/passport/lib/middleware/authenticate.js:110:18)
    at attempt (/Users/mac/Desktop/SEO/node_modules/passport/lib/middleware/authenticate.js:183:28)
    at JwtStrategy.strategy.fail (/Users/mac/Desktop/SEO/node_modules/passport/lib/middleware/authenticate.js:314:9)
    at JwtStrategy.authenticate (/Users/mac/Desktop/SEO/node_modules/passport-jwt/lib/strategy.js:96:21)
    at attempt (/Users/mac/Desktop/SEO/node_modules/passport/lib/middleware/authenticate.js:378:16)
    at authenticate (/Users/mac/Desktop/SEO/node_modules/passport/lib/middleware/authenticate.js:379:7)
    at /Users/mac/Desktop/SEO/apps/api/node_modules/@nestjs/passport/dist/auth.guard.js:88:3
[Nest] 36568  - 10/08/2026, 8:30:34 PM   ERROR [ExceptionsHandler] You do not have access to this workspace
ForbiddenException: You do not have access to this workspace
    at WorkspaceGuard.canActivate (/Users/mac/Desktop/SEO/apps/api/src/auth/workspace.guard.ts:29:13)
    at async GuardsConsumer.tryActivate (/Users/mac/Desktop/SEO/node_modules/@nestjs/core/guards/guards-consumer.js:16:17)
    at async canActivateFn (/Users/mac/Desktop/SEO/node_modules/@nestjs/core/router/router-execution-context.js:135:33)
    at async /Users/mac/Desktop/SEO/node_modules/@nestjs/core/router/router-execution-context.js:42:31
    at async /Users/mac/Desktop/SEO/node_modules/@nestjs/core/router/router-proxy.js:9:17
[Nest] 36568  - 10/08/2026, 8:30:34 PM   ERROR [ExceptionsHandler] Unauthorized
UnauthorizedException: Unauthorized
    at JwtAuthGuard.handleRequest (/Users/mac/Desktop/SEO/apps/api/node_modules/@nestjs/passport/dist/auth.guard.js:60:30)
    at /Users/mac/Desktop/SEO/apps/api/node_modules/@nestjs/passport/dist/auth.guard.js:44:124
    at /Users/mac/Desktop/SEO/apps/api/node_modules/@nestjs/passport/dist/auth.guard.js:83:24
    at allFailed (/Users/mac/Desktop/SEO/node_modules/passport/lib/middleware/authenticate.js:110:18)
    at attempt (/Users/mac/Desktop/SEO/node_modules/passport/lib/middleware/authenticate.js:183:28)
    at JwtStrategy.strategy.fail (/Users/mac/Desktop/SEO/node_modules/passport/lib/middleware/authenticate.js:314:9)
    at JwtStrategy.authenticate (/Users/mac/Desktop/SEO/node_modules/passport-jwt/lib/strategy.js:96:21)
    at attempt (/Users/mac/Desktop/SEO/node_modules/passport/lib/middleware/authenticate.js:378:16)
    at authenticate (/Users/mac/Desktop/SEO/node_modules/passport/lib/middleware/authenticate.js:379:7)
    at /Users/mac/Desktop/SEO/apps/api/node_modules/@nestjs/passport/dist/auth.guard.js:88:3
[Nest] 36568  - 10/08/2026, 8:30:34 PM   ERROR [ExceptionsHandler] You do not have access to this workspace
ForbiddenException: You do not have access to this workspace
    at WorkspaceGuard.canActivate (/Users/mac/Desktop/SEO/apps/api/src/auth/workspace.guard.ts:29:13)
    at async GuardsConsumer.tryActivate (/Users/mac/Desktop/SEO/node_modules/@nestjs/core/guards/guards-consumer.js:16:17)
    at async canActivateFn (/Users/mac/Desktop/SEO/node_modules/@nestjs/core/router/router-execution-context.js:135:33)
    at async /Users/mac/Desktop/SEO/node_modules/@nestjs/core/router/router-execution-context.js:42:31
    at async /Users/mac/Desktop/SEO/node_modules/@nestjs/core/router/router-proxy.js:9:17
[Nest] 36568  - 10/08/2026, 8:30:34 PM   ERROR [ExceptionsHandler] Unauthorized
UnauthorizedException: Unauthorized
    at JwtAuthGuard.handleRequest (/Users/mac/Desktop/SEO/apps/api/node_modules/@nestjs/passport/dist/auth.guard.js:60:30)
    at /Users/mac/Desktop/SEO/apps/api/node_modules/@nestjs/passport/dist/auth.guard.js:44:124
    at /Users/mac/Desktop/SEO/apps/api/node_modules/@nestjs/passport/dist/auth.guard.js:83:24
    at allFailed (/Users/mac/Desktop/SEO/node_modules/passport/lib/middleware/authenticate.js:110:18)
    at attempt (/Users/mac/Desktop/SEO/node_modules/passport/lib/middleware/authenticate.js:183:28)
    at JwtStrategy.strategy.fail (/Users/mac/Desktop/SEO/node_modules/passport/lib/middleware/authenticate.js:314:9)
    at JwtStrategy.authenticate (/Users/mac/Desktop/SEO/node_modules/passport-jwt/lib/strategy.js:96:21)
    at attempt (/Users/mac/Desktop/SEO/node_modules/passport/lib/middleware/authenticate.js:378:16)
    at authenticate (/Users/mac/Desktop/SEO/node_modules/passport/lib/middleware/authenticate.js:379:7)
    at /Users/mac/Desktop/SEO/apps/api/node_modules/@nestjs/passport/dist/auth.guard.js:88:3
[Nest] 36568  - 10/08/2026, 8:30:34 PM   ERROR [ExceptionsHandler] You do not have access to this workspace
ForbiddenException: You do not have access to this workspace
    at WorkspaceGuard.canActivate (/Users/mac/Desktop/SEO/apps/api/src/auth/workspace.guard.ts:29:13)
    at async GuardsConsumer.tryActivate (/Users/mac/Desktop/SEO/node_modules/@nestjs/core/guards/guards-consumer.js:16:17)
    at async canActivateFn (/Users/mac/Desktop/SEO/node_modules/@nestjs/core/router/router-execution-context.js:135:33)
    at async /Users/mac/Desktop/SEO/node_modules/@nestjs/core/router/router-execution-context.js:42:31
    at async /Users/mac/Desktop/SEO/node_modules/@nestjs/core/router/router-proxy.js:9:17
[Nest] 36568  - 10/08/2026, 8:30:34 PM   ERROR [ExceptionsHandler] Unauthorized
UnauthorizedException: Unauthorized
    at JwtAuthGuard.handleRequest (/Users/mac/Desktop/SEO/apps/api/node_modules/@nestjs/passport/dist/auth.guard.js:60:30)
    at /Users/mac/Desktop/SEO/apps/api/node_modules/@nestjs/passport/dist/auth.guard.js:44:124
    at /Users/mac/Desktop/SEO/apps/api/node_modules/@nestjs/passport/dist/auth.guard.js:83:24
    at allFailed (/Users/mac/Desktop/SEO/node_modules/passport/lib/middleware/authenticate.js:110:18)
    at attempt (/Users/mac/Desktop/SEO/node_modules/passport/lib/middleware/authenticate.js:183:28)
    at JwtStrategy.strategy.fail (/Users/mac/Desktop/SEO/node_modules/passport/lib/middleware/authenticate.js:314:9)
    at JwtStrategy.authenticate (/Users/mac/Desktop/SEO/node_modules/passport-jwt/lib/strategy.js:96:21)
    at attempt (/Users/mac/Desktop/SEO/node_modules/passport/lib/middleware/authenticate.js:378:16)
    at authenticate (/Users/mac/Desktop/SEO/node_modules/passport/lib/middleware/authenticate.js:379:7)
    at /Users/mac/Desktop/SEO/apps/api/node_modules/@nestjs/passport/dist/auth.guard.js:88:3
[Nest] 36568  - 10/08/2026, 8:30:34 PM   ERROR [ExceptionsHandler] You do not have access to this workspace
ForbiddenException: You do not have access to this workspace
    at WorkspaceGuard.canActivate (/Users/mac/Desktop/SEO/apps/api/src/auth/workspace.guard.ts:29:13)
    at async GuardsConsumer.tryActivate (/Users/mac/Desktop/SEO/node_modules/@nestjs/core/guards/guards-consumer.js:16:17)
    at async canActivateFn (/Users/mac/Desktop/SEO/node_modules/@nestjs/core/router/router-execution-context.js:135:33)
    at async /Users/mac/Desktop/SEO/node_modules/@nestjs/core/router/router-execution-context.js:42:31
    at async /Users/mac/Desktop/SEO/node_modules/@nestjs/core/router/router-proxy.js:9:17
[Nest] 36568  - 10/08/2026, 8:30:34 PM   ERROR [ExceptionsHandler] Unauthorized
UnauthorizedException: Unauthorized
    at JwtAuthGuard.handleRequest (/Users/mac/Desktop/SEO/apps/api/node_modules/@nestjs/passport/dist/auth.guard.js:60:30)
    at /Users/mac/Desktop/SEO/apps/api/node_modules/@nestjs/passport/dist/auth.guard.js:44:124
    at /Users/mac/Desktop/SEO/apps/api/node_modules/@nestjs/passport/dist/auth.guard.js:83:24
    at allFailed (/Users/mac/Desktop/SEO/node_modules/passport/lib/middleware/authenticate.js:110:18)
    at attempt (/Users/mac/Desktop/SEO/node_modules/passport/lib/middleware/authenticate.js:183:28)
    at JwtStrategy.strategy.fail (/Users/mac/Desktop/SEO/node_modules/passport/lib/middleware/authenticate.js:314:9)
    at JwtStrategy.authenticate (/Users/mac/Desktop/SEO/node_modules/passport-jwt/lib/strategy.js:96:21)
    at attempt (/Users/mac/Desktop/SEO/node_modules/passport/lib/middleware/authenticate.js:378:16)
    at authenticate (/Users/mac/Desktop/SEO/node_modules/passport/lib/middleware/authenticate.js:379:7)
    at /Users/mac/Desktop/SEO/apps/api/node_modules/@nestjs/passport/dist/auth.guard.js:88:3
[Nest] 36568  - 10/08/2026, 8:30:34 PM   ERROR [ExceptionsHandler] You do not have access to this workspace
ForbiddenException: You do not have access to this workspace
    at WorkspaceGuard.canActivate (/Users/mac/Desktop/SEO/apps/api/src/auth/workspace.guard.ts:29:13)
    at async GuardsConsumer.tryActivate (/Users/mac/Desktop/SEO/node_modules/@nestjs/core/guards/guards-consumer.js:16:17)
    at async canActivateFn (/Users/mac/Desktop/SEO/node_modules/@nestjs/core/router/router-execution-context.js:135:33)
    at async /Users/mac/Desktop/SEO/node_modules/@nestjs/core/router/router-execution-context.js:42:31
    at async /Users/mac/Desktop/SEO/node_modules/@nestjs/core/router/router-proxy.js:9:17
[Nest] 36568  - 10/08/2026, 8:30:34 PM   ERROR [ExceptionsHandler] Unauthorized
UnauthorizedException: Unauthorized
    at JwtAuthGuard.handleRequest (/Users/mac/Desktop/SEO/apps/api/node_modules/@nestjs/passport/dist/auth.guard.js:60:30)
    at /Users/mac/Desktop/SEO/apps/api/node_modules/@nestjs/passport/dist/auth.guard.js:44:124
    at /Users/mac/Desktop/SEO/apps/api/node_modules/@nestjs/passport/dist/auth.guard.js:83:24
    at allFailed (/Users/mac/Desktop/SEO/node_modules/passport/lib/middleware/authenticate.js:110:18)
    at attempt (/Users/mac/Desktop/SEO/node_modules/passport/lib/middleware/authenticate.js:183:28)
    at JwtStrategy.strategy.fail (/Users/mac/Desktop/SEO/node_modules/passport/lib/middleware/authenticate.js:314:9)
    at JwtStrategy.authenticate (/Users/mac/Desktop/SEO/node_modules/passport-jwt/lib/strategy.js:96:21)
    at attempt (/Users/mac/Desktop/SEO/node_modules/passport/lib/middleware/authenticate.js:378:16)
    at authenticate (/Users/mac/Desktop/SEO/node_modules/passport/lib/middleware/authenticate.js:379:7)
    at /Users/mac/Desktop/SEO/apps/api/node_modules/@nestjs/passport/dist/auth.guard.js:88:3
[Nest] 36568  - 10/08/2026, 8:30:34 PM   ERROR [ExceptionsHandler] You do not have access to this workspace
ForbiddenException: You do not have access to this workspace
    at WorkspaceGuard.canActivate (/Users/mac/Desktop/SEO/apps/api/src/auth/workspace.guard.ts:29:13)
    at async GuardsConsumer.tryActivate (/Users/mac/Desktop/SEO/node_modules/@nestjs/core/guards/guards-consumer.js:16:17)
    at async canActivateFn (/Users/mac/Desktop/SEO/node_modules/@nestjs/core/router/router-execution-context.js:135:33)
    at async /Users/mac/Desktop/SEO/node_modules/@nestjs/core/router/router-execution-context.js:42:31
    at async /Users/mac/Desktop/SEO/node_modules/@nestjs/core/router/router-proxy.js:9:17
[Nest] 36568  - 10/08/2026, 8:30:34 PM   ERROR [ExceptionsHandler] Unauthorized
UnauthorizedException: Unauthorized
    at JwtAuthGuard.handleRequest (/Users/mac/Desktop/SEO/apps/api/node_modules/@nestjs/passport/dist/auth.guard.js:60:30)
    at /Users/mac/Desktop/SEO/apps/api/node_modules/@nestjs/passport/dist/auth.guard.js:44:124
    at /Users/mac/Desktop/SEO/apps/api/node_modules/@nestjs/passport/dist/auth.guard.js:83:24
    at allFailed (/Users/mac/Desktop/SEO/node_modules/passport/lib/middleware/authenticate.js:110:18)
    at attempt (/Users/mac/Desktop/SEO/node_modules/passport/lib/middleware/authenticate.js:183:28)
    at JwtStrategy.strategy.fail (/Users/mac/Desktop/SEO/node_modules/passport/lib/middleware/authenticate.js:314:9)
    at JwtStrategy.authenticate (/Users/mac/Desktop/SEO/node_modules/passport-jwt/lib/strategy.js:96:21)
    at attempt (/Users/mac/Desktop/SEO/node_modules/passport/lib/middleware/authenticate.js:378:16)
    at authenticate (/Users/mac/Desktop/SEO/node_modules/passport/lib/middleware/authenticate.js:379:7)
    at /Users/mac/Desktop/SEO/apps/api/node_modules/@nestjs/passport/dist/auth.guard.js:88:3
[Nest] 36568  - 10/08/2026, 8:30:34 PM   ERROR [ExceptionsHandler] You do not have access to this workspace
ForbiddenException: You do not have access to this workspace
    at WorkspaceGuard.canActivate (/Users/mac/Desktop/SEO/apps/api/src/auth/workspace.guard.ts:29:13)
    at async GuardsConsumer.tryActivate (/Users/mac/Desktop/SEO/node_modules/@nestjs/core/guards/guards-consumer.js:16:17)
    at async canActivateFn (/Users/mac/Desktop/SEO/node_modules/@nestjs/core/router/router-execution-context.js:135:33)
    at async /Users/mac/Desktop/SEO/node_modules/@nestjs/core/router/router-execution-context.js:42:31
    at async /Users/mac/Desktop/SEO/node_modules/@nestjs/core/router/router-proxy.js:9:17
[Nest] 36568  - 10/08/2026, 8:30:34 PM   ERROR [ExceptionsHandler] Unauthorized
UnauthorizedException: Unauthorized
    at JwtAuthGuard.handleRequest (/Users/mac/Desktop/SEO/apps/api/node_modules/@nestjs/passport/dist/auth.guard.js:60:30)
    at /Users/mac/Desktop/SEO/apps/api/node_modules/@nestjs/passport/dist/auth.guard.js:44:124
    at /Users/mac/Desktop/SEO/apps/api/node_modules/@nestjs/passport/dist/auth.guard.js:83:24
    at allFailed (/Users/mac/Desktop/SEO/node_modules/passport/lib/middleware/authenticate.js:110:18)
    at attempt (/Users/mac/Desktop/SEO/node_modules/passport/lib/middleware/authenticate.js:183:28)
    at JwtStrategy.strategy.fail (/Users/mac/Desktop/SEO/node_modules/passport/lib/middleware/authenticate.js:314:9)
    at JwtStrategy.authenticate (/Users/mac/Desktop/SEO/node_modules/passport-jwt/lib/strategy.js:96:21)
    at attempt (/Users/mac/Desktop/SEO/node_modules/passport/lib/middleware/authenticate.js:378:16)
    at authenticate (/Users/mac/Desktop/SEO/node_modules/passport/lib/middleware/authenticate.js:379:7)
    at /Users/mac/Desktop/SEO/apps/api/node_modules/@nestjs/passport/dist/auth.guard.js:88:3
[Nest] 36568  - 10/08/2026, 8:30:34 PM   ERROR [ExceptionsHandler] You do not have access to this workspace
ForbiddenException: You do not have access to this workspace
    at WorkspaceGuard.canActivate (/Users/mac/Desktop/SEO/apps/api/src/auth/workspace.guard.ts:29:13)
    at async GuardsConsumer.tryActivate (/Users/mac/Desktop/SEO/node_modules/@nestjs/core/guards/guards-consumer.js:16:17)
    at async canActivateFn (/Users/mac/Desktop/SEO/node_modules/@nestjs/core/router/router-execution-context.js:135:33)
    at async /Users/mac/Desktop/SEO/node_modules/@nestjs/core/router/router-execution-context.js:42:31
    at async /Users/mac/Desktop/SEO/node_modules/@nestjs/core/router/router-proxy.js:9:17
[Nest] 36568  - 10/08/2026, 8:30:34 PM   ERROR [ExceptionsHandler] Unauthorized
UnauthorizedException: Unauthorized
    at JwtAuthGuard.handleRequest (/Users/mac/Desktop/SEO/apps/api/node_modules/@nestjs/passport/dist/auth.guard.js:60:30)
    at /Users/mac/Desktop/SEO/apps/api/node_modules/@nestjs/passport/dist/auth.guard.js:44:124
    at /Users/mac/Desktop/SEO/apps/api/node_modules/@nestjs/passport/dist/auth.guard.js:83:24
    at allFailed (/Users/mac/Desktop/SEO/node_modules/passport/lib/middleware/authenticate.js:110:18)
    at attempt (/Users/mac/Desktop/SEO/node_modules/passport/lib/middleware/authenticate.js:183:28)
    at JwtStrategy.strategy.fail (/Users/mac/Desktop/SEO/node_modules/passport/lib/middleware/authenticate.js:314:9)
    at JwtStrategy.authenticate (/Users/mac/Desktop/SEO/node_modules/passport-jwt/lib/strategy.js:96:21)
    at attempt (/Users/mac/Desktop/SEO/node_modules/passport/lib/middleware/authenticate.js:378:16)
    at authenticate (/Users/mac/Desktop/SEO/node_modules/passport/lib/middleware/authenticate.js:379:7)
    at /Users/mac/Desktop/SEO/apps/api/node_modules/@nestjs/passport/dist/auth.guard.js:88:3
[Nest] 36568  - 10/08/2026, 8:30:34 PM   ERROR [ExceptionsHandler] You do not have access to this workspace
ForbiddenException: You do not have access to this workspace
    at WorkspaceGuard.canActivate (/Users/mac/Desktop/SEO/apps/api/src/auth/workspace.guard.ts:29:13)
    at async GuardsConsumer.tryActivate (/Users/mac/Desktop/SEO/node_modules/@nestjs/core/guards/guards-consumer.js:16:17)
    at async canActivateFn (/Users/mac/Desktop/SEO/node_modules/@nestjs/core/router/router-execution-context.js:135:33)
    at async /Users/mac/Desktop/SEO/node_modules/@nestjs/core/router/router-execution-context.js:42:31
    at async /Users/mac/Desktop/SEO/node_modules/@nestjs/core/router/router-proxy.js:9:17
[Nest] 36568  - 10/08/2026, 8:30:34 PM   ERROR [ExceptionsHandler] Unauthorized
UnauthorizedException: Unauthorized
    at JwtAuthGuard.handleRequest (/Users/mac/Desktop/SEO/apps/api/node_modules/@nestjs/passport/dist/auth.guard.js:60:30)
    at /Users/mac/Desktop/SEO/apps/api/node_modules/@nestjs/passport/dist/auth.guard.js:44:124
    at /Users/mac/Desktop/SEO/apps/api/node_modules/@nestjs/passport/dist/auth.guard.js:83:24
    at allFailed (/Users/mac/Desktop/SEO/node_modules/passport/lib/middleware/authenticate.js:110:18)
    at attempt (/Users/mac/Desktop/SEO/node_modules/passport/lib/middleware/authenticate.js:183:28)
    at JwtStrategy.strategy.fail (/Users/mac/Desktop/SEO/node_modules/passport/lib/middleware/authenticate.js:314:9)
    at JwtStrategy.authenticate (/Users/mac/Desktop/SEO/node_modules/passport-jwt/lib/strategy.js:96:21)
    at attempt (/Users/mac/Desktop/SEO/node_modules/passport/lib/middleware/authenticate.js:378:16)
    at authenticate (/Users/mac/Desktop/SEO/node_modules/passport/lib/middleware/authenticate.js:379:7)
    at /Users/mac/Desktop/SEO/apps/api/node_modules/@nestjs/passport/dist/auth.guard.js:88:3
[Nest] 36568  - 10/08/2026, 8:30:34 PM   ERROR [ExceptionsHandler] You do not have access to this workspace
ForbiddenException: You do not have access to this workspace
    at WorkspaceGuard.canActivate (/Users/mac/Desktop/SEO/apps/api/src/auth/workspace.guard.ts:29:13)
    at async GuardsConsumer.tryActivate (/Users/mac/Desktop/SEO/node_modules/@nestjs/core/guards/guards-consumer.js:16:17)
    at async canActivateFn (/Users/mac/Desktop/SEO/node_modules/@nestjs/core/router/router-execution-context.js:135:33)
    at async /Users/mac/Desktop/SEO/node_modules/@nestjs/core/router/router-execution-context.js:42:31
    at async /Users/mac/Desktop/SEO/node_modules/@nestjs/core/router/router-proxy.js:9:17
[Nest] 36568  - 10/08/2026, 8:30:34 PM   ERROR [ExceptionsHandler] Unauthorized
UnauthorizedException: Unauthorized
    at JwtAuthGuard.handleRequest (/Users/mac/Desktop/SEO/apps/api/node_modules/@nestjs/passport/dist/auth.guard.js:60:30)
    at /Users/mac/Desktop/SEO/apps/api/node_modules/@nestjs/passport/dist/auth.guard.js:44:124
    at /Users/mac/Desktop/SEO/apps/api/node_modules/@nestjs/passport/dist/auth.guard.js:83:24
    at allFailed (/Users/mac/Desktop/SEO/node_modules/passport/lib/middleware/authenticate.js:110:18)
    at attempt (/Users/mac/Desktop/SEO/node_modules/passport/lib/middleware/authenticate.js:183:28)
    at JwtStrategy.strategy.fail (/Users/mac/Desktop/SEO/node_modules/passport/lib/middleware/authenticate.js:314:9)
    at JwtStrategy.authenticate (/Users/mac/Desktop/SEO/node_modules/passport-jwt/lib/strategy.js:96:21)
    at attempt (/Users/mac/Desktop/SEO/node_modules/passport/lib/middleware/authenticate.js:378:16)
    at authenticate (/Users/mac/Desktop/SEO/node_modules/passport/lib/middleware/authenticate.js:379:7)
    at /Users/mac/Desktop/SEO/apps/api/node_modules/@nestjs/passport/dist/auth.guard.js:88:3
[Nest] 36568  - 10/08/2026, 8:30:34 PM   ERROR [ExceptionsHandler] You do not have access to this workspace
ForbiddenException: You do not have access to this workspace
    at WorkspaceGuard.canActivate (/Users/mac/Desktop/SEO/apps/api/src/auth/workspace.guard.ts:29:13)
    at async GuardsConsumer.tryActivate (/Users/mac/Desktop/SEO/node_modules/@nestjs/core/guards/guards-consumer.js:16:17)
    at async canActivateFn (/Users/mac/Desktop/SEO/node_modules/@nestjs/core/router/router-execution-context.js:135:33)
    at async /Users/mac/Desktop/SEO/node_modules/@nestjs/core/router/router-execution-context.js:42:31
    at async /Users/mac/Desktop/SEO/node_modules/@nestjs/core/router/router-proxy.js:9:17
[Nest] 36568  - 10/08/2026, 8:30:34 PM   ERROR [ExceptionsHandler] Unauthorized
UnauthorizedException: Unauthorized
    at JwtAuthGuard.handleRequest (/Users/mac/Desktop/SEO/apps/api/node_modules/@nestjs/passport/dist/auth.guard.js:60:30)
    at /Users/mac/Desktop/SEO/apps/api/node_modules/@nestjs/passport/dist/auth.guard.js:44:124
    at /Users/mac/Desktop/SEO/apps/api/node_modules/@nestjs/passport/dist/auth.guard.js:83:24
    at allFailed (/Users/mac/Desktop/SEO/node_modules/passport/lib/middleware/authenticate.js:110:18)
    at attempt (/Users/mac/Desktop/SEO/node_modules/passport/lib/middleware/authenticate.js:183:28)
    at JwtStrategy.strategy.fail (/Users/mac/Desktop/SEO/node_modules/passport/lib/middleware/authenticate.js:314:9)
    at JwtStrategy.authenticate (/Users/mac/Desktop/SEO/node_modules/passport-jwt/lib/strategy.js:96:21)
    at attempt (/Users/mac/Desktop/SEO/node_modules/passport/lib/middleware/authenticate.js:378:16)
    at authenticate (/Users/mac/Desktop/SEO/node_modules/passport/lib/middleware/authenticate.js:379:7)
    at /Users/mac/Desktop/SEO/apps/api/node_modules/@nestjs/passport/dist/auth.guard.js:88:3
[Nest] 36568  - 10/08/2026, 8:30:34 PM   ERROR [ExceptionsHandler] You do not have access to this workspace
ForbiddenException: You do not have access to this workspace
    at WorkspaceGuard.canActivate (/Users/mac/Desktop/SEO/apps/api/src/auth/workspace.guard.ts:29:13)
    at async GuardsConsumer.tryActivate (/Users/mac/Desktop/SEO/node_modules/@nestjs/core/guards/guards-consumer.js:16:17)
    at async canActivateFn (/Users/mac/Desktop/SEO/node_modules/@nestjs/core/router/router-execution-context.js:135:33)
    at async /Users/mac/Desktop/SEO/node_modules/@nestjs/core/router/router-execution-context.js:42:31
    at async /Users/mac/Desktop/SEO/node_modules/@nestjs/core/router/router-proxy.js:9:17
[Nest] 36568  - 10/08/2026, 8:30:34 PM   ERROR [ExceptionsHandler] Unauthorized
UnauthorizedException: Unauthorized
    at JwtAuthGuard.handleRequest (/Users/mac/Desktop/SEO/apps/api/node_modules/@nestjs/passport/dist/auth.guard.js:60:30)
    at /Users/mac/Desktop/SEO/apps/api/node_modules/@nestjs/passport/dist/auth.guard.js:44:124
    at /Users/mac/Desktop/SEO/apps/api/node_modules/@nestjs/passport/dist/auth.guard.js:83:24
    at allFailed (/Users/mac/Desktop/SEO/node_modules/passport/lib/middleware/authenticate.js:110:18)
    at attempt (/Users/mac/Desktop/SEO/node_modules/passport/lib/middleware/authenticate.js:183:28)
    at JwtStrategy.strategy.fail (/Users/mac/Desktop/SEO/node_modules/passport/lib/middleware/authenticate.js:314:9)
    at JwtStrategy.authenticate (/Users/mac/Desktop/SEO/node_modules/passport-jwt/lib/strategy.js:96:21)
    at attempt (/Users/mac/Desktop/SEO/node_modules/passport/lib/middleware/authenticate.js:378:16)
    at authenticate (/Users/mac/Desktop/SEO/node_modules/passport/lib/middleware/authenticate.js:379:7)
    at /Users/mac/Desktop/SEO/apps/api/node_modules/@nestjs/passport/dist/auth.guard.js:88:3
[Nest] 36568  - 10/08/2026, 8:30:34 PM   ERROR [ExceptionsHandler] You do not have access to this workspace
ForbiddenException: You do not have access to this workspace
    at WorkspaceGuard.canActivate (/Users/mac/Desktop/SEO/apps/api/src/auth/workspace.guard.ts:29:13)
    at async GuardsConsumer.tryActivate (/Users/mac/Desktop/SEO/node_modules/@nestjs/core/guards/guards-consumer.js:16:17)
    at async canActivateFn (/Users/mac/Desktop/SEO/node_modules/@nestjs/core/router/router-execution-context.js:135:33)
    at async /Users/mac/Desktop/SEO/node_modules/@nestjs/core/router/router-execution-context.js:42:31
    at async /Users/mac/Desktop/SEO/node_modules/@nestjs/core/router/router-proxy.js:9:17
[Nest] 36568  - 10/08/2026, 8:30:34 PM   ERROR [ExceptionsHandler] Unauthorized
UnauthorizedException: Unauthorized
    at JwtAuthGuard.handleRequest (/Users/mac/Desktop/SEO/apps/api/node_modules/@nestjs/passport/dist/auth.guard.js:60:30)
    at /Users/mac/Desktop/SEO/apps/api/node_modules/@nestjs/passport/dist/auth.guard.js:44:124
    at /Users/mac/Desktop/SEO/apps/api/node_modules/@nestjs/passport/dist/auth.guard.js:83:24
    at allFailed (/Users/mac/Desktop/SEO/node_modules/passport/lib/middleware/authenticate.js:110:18)
    at attempt (/Users/mac/Desktop/SEO/node_modules/passport/lib/middleware/authenticate.js:183:28)
    at JwtStrategy.strategy.fail (/Users/mac/Desktop/SEO/node_modules/passport/lib/middleware/authenticate.js:314:9)
    at JwtStrategy.authenticate (/Users/mac/Desktop/SEO/node_modules/passport-jwt/lib/strategy.js:96:21)
    at attempt (/Users/mac/Desktop/SEO/node_modules/passport/lib/middleware/authenticate.js:378:16)
    at authenticate (/Users/mac/Desktop/SEO/node_modules/passport/lib/middleware/authenticate.js:379:7)
    at /Users/mac/Desktop/SEO/apps/api/node_modules/@nestjs/passport/dist/auth.guard.js:88:3
[Nest] 36568  - 10/08/2026, 8:30:34 PM   ERROR [ExceptionsHandler] You do not have access to this workspace
ForbiddenException: You do not have access to this workspace
    at WorkspaceGuard.canActivate (/Users/mac/Desktop/SEO/apps/api/src/auth/workspace.guard.ts:29:13)
    at async GuardsConsumer.tryActivate (/Users/mac/Desktop/SEO/node_modules/@nestjs/core/guards/guards-consumer.js:16:17)
    at async canActivateFn (/Users/mac/Desktop/SEO/node_modules/@nestjs/core/router/router-execution-context.js:135:33)
    at async /Users/mac/Desktop/SEO/node_modules/@nestjs/core/router/router-execution-context.js:42:31
    at async /Users/mac/Desktop/SEO/node_modules/@nestjs/core/router/router-proxy.js:9:17
[Nest] 36568  - 10/08/2026, 8:30:34 PM   ERROR [ExceptionsHandler] Unauthorized
UnauthorizedException: Unauthorized
    at JwtAuthGuard.handleRequest (/Users/mac/Desktop/SEO/apps/api/node_modules/@nestjs/passport/dist/auth.guard.js:60:30)
    at /Users/mac/Desktop/SEO/apps/api/node_modules/@nestjs/passport/dist/auth.guard.js:44:124
    at /Users/mac/Desktop/SEO/apps/api/node_modules/@nestjs/passport/dist/auth.guard.js:83:24
    at allFailed (/Users/mac/Desktop/SEO/node_modules/passport/lib/middleware/authenticate.js:110:18)
    at attempt (/Users/mac/Desktop/SEO/node_modules/passport/lib/middleware/authenticate.js:183:28)
    at JwtStrategy.strategy.fail (/Users/mac/Desktop/SEO/node_modules/passport/lib/middleware/authenticate.js:314:9)
    at JwtStrategy.authenticate (/Users/mac/Desktop/SEO/node_modules/passport-jwt/lib/strategy.js:96:21)
    at attempt (/Users/mac/Desktop/SEO/node_modules/passport/lib/middleware/authenticate.js:378:16)
    at authenticate (/Users/mac/Desktop/SEO/node_modules/passport/lib/middleware/authenticate.js:379:7)
    at /Users/mac/Desktop/SEO/apps/api/node_modules/@nestjs/passport/dist/auth.guard.js:88:3
[Nest] 36568  - 10/08/2026, 8:30:34 PM   ERROR [ExceptionsHandler] Unauthorized
UnauthorizedException: Unauthorized
    at JwtAuthGuard.handleRequest (/Users/mac/Desktop/SEO/apps/api/node_modules/@nestjs/passport/dist/auth.guard.js:60:30)
    at /Users/mac/Desktop/SEO/apps/api/node_modules/@nestjs/passport/dist/auth.guard.js:44:124
    at /Users/mac/Desktop/SEO/apps/api/node_modules/@nestjs/passport/dist/auth.guard.js:83:24
    at allFailed (/Users/mac/Desktop/SEO/node_modules/passport/lib/middleware/authenticate.js:110:18)
    at attempt (/Users/mac/Desktop/SEO/node_modules/passport/lib/middleware/authenticate.js:183:28)
    at JwtStrategy.strategy.fail (/Users/mac/Desktop/SEO/node_modules/passport/lib/middleware/authenticate.js:314:9)
    at JwtStrategy.authenticate (/Users/mac/Desktop/SEO/node_modules/passport-jwt/lib/strategy.js:96:21)
    at attempt (/Users/mac/Desktop/SEO/node_modules/passport/lib/middleware/authenticate.js:378:16)
    at authenticate (/Users/mac/Desktop/SEO/node_modules/passport/lib/middleware/authenticate.js:379:7)
    at /Users/mac/Desktop/SEO/apps/api/node_modules/@nestjs/passport/dist/auth.guard.js:88:3
[Nest] 36568  - 10/08/2026, 8:30:34 PM   ERROR [ExceptionsHandler] Unauthorized
UnauthorizedException: Unauthorized
    at JwtAuthGuard.handleRequest (/Users/mac/Desktop/SEO/apps/api/node_modules/@nestjs/passport/dist/auth.guard.js:60:30)
    at /Users/mac/Desktop/SEO/apps/api/node_modules/@nestjs/passport/dist/auth.guard.js:44:124
    at /Users/mac/Desktop/SEO/apps/api/node_modules/@nestjs/passport/dist/auth.guard.js:83:24
    at allFailed (/Users/mac/Desktop/SEO/node_modules/passport/lib/middleware/authenticate.js:110:18)
    at attempt (/Users/mac/Desktop/SEO/node_modules/passport/lib/middleware/authenticate.js:183:28)
    at JwtStrategy.strategy.fail (/Users/mac/Desktop/SEO/node_modules/passport/lib/middleware/authenticate.js:314:9)
    at JwtStrategy.authenticate (/Users/mac/Desktop/SEO/node_modules/passport-jwt/lib/strategy.js:96:21)
    at attempt (/Users/mac/Desktop/SEO/node_modules/passport/lib/middleware/authenticate.js:378:16)
    at authenticate (/Users/mac/Desktop/SEO/node_modules/passport/lib/middleware/authenticate.js:379:7)
    at /Users/mac/Desktop/SEO/apps/api/node_modules/@nestjs/passport/dist/auth.guard.js:88:3
[Nest] 36568  - 10/08/2026, 8:30:34 PM   ERROR [ExceptionsHandler] Unauthorized
UnauthorizedException: Unauthorized
    at JwtAuthGuard.handleRequest (/Users/mac/Desktop/SEO/apps/api/node_modules/@nestjs/passport/dist/auth.guard.js:60:30)
    at /Users/mac/Desktop/SEO/apps/api/node_modules/@nestjs/passport/dist/auth.guard.js:44:124
    at /Users/mac/Desktop/SEO/apps/api/node_modules/@nestjs/passport/dist/auth.guard.js:83:24
    at allFailed (/Users/mac/Desktop/SEO/node_modules/passport/lib/middleware/authenticate.js:110:18)
    at attempt (/Users/mac/Desktop/SEO/node_modules/passport/lib/middleware/authenticate.js:183:28)
    at JwtStrategy.strategy.fail (/Users/mac/Desktop/SEO/node_modules/passport/lib/middleware/authenticate.js:314:9)
    at JwtStrategy.authenticate (/Users/mac/Desktop/SEO/node_modules/passport-jwt/lib/strategy.js:96:21)
    at attempt (/Users/mac/Desktop/SEO/node_modules/passport/lib/middleware/authenticate.js:378:16)
    at authenticate (/Users/mac/Desktop/SEO/node_modules/passport/lib/middleware/authenticate.js:379:7)
    at /Users/mac/Desktop/SEO/apps/api/node_modules/@nestjs/passport/dist/auth.guard.js:88:3
[Nest] 36568  - 10/08/2026, 8:30:34 PM   ERROR [ExceptionsHandler] Unauthorized
UnauthorizedException: Unauthorized
    at JwtAuthGuard.handleRequest (/Users/mac/Desktop/SEO/apps/api/node_modules/@nestjs/passport/dist/auth.guard.js:60:30)
    at /Users/mac/Desktop/SEO/apps/api/node_modules/@nestjs/passport/dist/auth.guard.js:44:124
    at /Users/mac/Desktop/SEO/apps/api/node_modules/@nestjs/passport/dist/auth.guard.js:83:24
    at allFailed (/Users/mac/Desktop/SEO/node_modules/passport/lib/middleware/authenticate.js:110:18)
    at attempt (/Users/mac/Desktop/SEO/node_modules/passport/lib/middleware/authenticate.js:183:28)
    at JwtStrategy.strategy.fail (/Users/mac/Desktop/SEO/node_modules/passport/lib/middleware/authenticate.js:314:9)
    at JwtStrategy.authenticate (/Users/mac/Desktop/SEO/node_modules/passport-jwt/lib/strategy.js:96:21)
    at attempt (/Users/mac/Desktop/SEO/node_modules/passport/lib/middleware/authenticate.js:378:16)
    at authenticate (/Users/mac/Desktop/SEO/node_modules/passport/lib/middleware/authenticate.js:379:7)
    at /Users/mac/Desktop/SEO/apps/api/node_modules/@nestjs/passport/dist/auth.guard.js:88:3
[Nest] 36568  - 10/08/2026, 8:30:34 PM   ERROR [ExceptionsHandler] You do not have access to this workspace
ForbiddenException: You do not have access to this workspace
    at WorkspaceGuard.canActivate (/Users/mac/Desktop/SEO/apps/api/src/auth/workspace.guard.ts:29:13)
    at async GuardsConsumer.tryActivate (/Users/mac/Desktop/SEO/node_modules/@nestjs/core/guards/guards-consumer.js:16:17)
    at async canActivateFn (/Users/mac/Desktop/SEO/node_modules/@nestjs/core/router/router-execution-context.js:135:33)
    at async /Users/mac/Desktop/SEO/node_modules/@nestjs/core/router/router-execution-context.js:42:31
    at async /Users/mac/Desktop/SEO/node_modules/@nestjs/core/router/router-proxy.js:9:17
[Nest] 36568  - 10/08/2026, 8:30:34 PM   ERROR [ExceptionsHandler] Unauthorized
UnauthorizedException: Unauthorized
    at JwtAuthGuard.handleRequest (/Users/mac/Desktop/SEO/apps/api/node_modules/@nestjs/passport/dist/auth.guard.js:60:30)
    at /Users/mac/Desktop/SEO/apps/api/node_modules/@nestjs/passport/dist/auth.guard.js:44:124
    at /Users/mac/Desktop/SEO/apps/api/node_modules/@nestjs/passport/dist/auth.guard.js:83:24
    at allFailed (/Users/mac/Desktop/SEO/node_modules/passport/lib/middleware/authenticate.js:110:18)
    at attempt (/Users/mac/Desktop/SEO/node_modules/passport/lib/middleware/authenticate.js:183:28)
    at JwtStrategy.strategy.fail (/Users/mac/Desktop/SEO/node_modules/passport/lib/middleware/authenticate.js:314:9)
    at JwtStrategy.authenticate (/Users/mac/Desktop/SEO/node_modules/passport-jwt/lib/strategy.js:96:21)
    at attempt (/Users/mac/Desktop/SEO/node_modules/passport/lib/middleware/authenticate.js:378:16)
    at authenticate (/Users/mac/Desktop/SEO/node_modules/passport/lib/middleware/authenticate.js:379:7)
    at /Users/mac/Desktop/SEO/apps/api/node_modules/@nestjs/passport/dist/auth.guard.js:88:3
[Nest] 36568  - 10/08/2026, 8:30:34 PM   ERROR [ExceptionsHandler] You do not have access to this workspace
ForbiddenException: You do not have access to this workspace
    at WorkspaceGuard.canActivate (/Users/mac/Desktop/SEO/apps/api/src/auth/workspace.guard.ts:29:13)
    at async GuardsConsumer.tryActivate (/Users/mac/Desktop/SEO/node_modules/@nestjs/core/guards/guards-consumer.js:16:17)
    at async canActivateFn (/Users/mac/Desktop/SEO/node_modules/@nestjs/core/router/router-execution-context.js:135:33)
    at async /Users/mac/Desktop/SEO/node_modules/@nestjs/core/router/router-execution-context.js:42:31
    at async /Users/mac/Desktop/SEO/node_modules/@nestjs/core/router/router-proxy.js:9:17
[Nest] 36568  - 10/08/2026, 8:30:34 PM   ERROR [ExceptionsHandler] Unauthorized
UnauthorizedException: Unauthorized
    at JwtAuthGuard.handleRequest (/Users/mac/Desktop/SEO/apps/api/node_modules/@nestjs/passport/dist/auth.guard.js:60:30)
    at /Users/mac/Desktop/SEO/apps/api/node_modules/@nestjs/passport/dist/auth.guard.js:44:124
    at /Users/mac/Desktop/SEO/apps/api/node_modules/@nestjs/passport/dist/auth.guard.js:83:24
    at allFailed (/Users/mac/Desktop/SEO/node_modules/passport/lib/middleware/authenticate.js:110:18)
    at attempt (/Users/mac/Desktop/SEO/node_modules/passport/lib/middleware/authenticate.js:183:28)
    at JwtStrategy.strategy.fail (/Users/mac/Desktop/SEO/node_modules/passport/lib/middleware/authenticate.js:314:9)
    at JwtStrategy.authenticate (/Users/mac/Desktop/SEO/node_modules/passport-jwt/lib/strategy.js:96:21)
    at attempt (/Users/mac/Desktop/SEO/node_modules/passport/lib/middleware/authenticate.js:378:16)
    at authenticate (/Users/mac/Desktop/SEO/node_modules/passport/lib/middleware/authenticate.js:379:7)
    at /Users/mac/Desktop/SEO/apps/api/node_modules/@nestjs/passport/dist/auth.guard.js:88:3
[Nest] 36568  - 10/08/2026, 8:30:34 PM   ERROR [ExceptionsHandler] You do not have access to this workspace
ForbiddenException: You do not have access to this workspace
    at WorkspaceGuard.canActivate (/Users/mac/Desktop/SEO/apps/api/src/auth/workspace.guard.ts:29:13)
    at async GuardsConsumer.tryActivate (/Users/mac/Desktop/SEO/node_modules/@nestjs/core/guards/guards-consumer.js:16:17)
    at async canActivateFn (/Users/mac/Desktop/SEO/node_modules/@nestjs/core/router/router-execution-context.js:135:33)
    at async /Users/mac/Desktop/SEO/node_modules/@nestjs/core/router/router-execution-context.js:42:31
    at async /Users/mac/Desktop/SEO/node_modules/@nestjs/core/router/router-proxy.js:9:17
[Nest] 36568  - 10/08/2026, 8:30:34 PM   ERROR [ExceptionsHandler] Unauthorized
UnauthorizedException: Unauthorized
    at JwtAuthGuard.handleRequest (/Users/mac/Desktop/SEO/apps/api/node_modules/@nestjs/passport/dist/auth.guard.js:60:30)
    at /Users/mac/Desktop/SEO/apps/api/node_modules/@nestjs/passport/dist/auth.guard.js:44:124
    at /Users/mac/Desktop/SEO/apps/api/node_modules/@nestjs/passport/dist/auth.guard.js:83:24
    at allFailed (/Users/mac/Desktop/SEO/node_modules/passport/lib/middleware/authenticate.js:110:18)
    at attempt (/Users/mac/Desktop/SEO/node_modules/passport/lib/middleware/authenticate.js:183:28)
    at JwtStrategy.strategy.fail (/Users/mac/Desktop/SEO/node_modules/passport/lib/middleware/authenticate.js:314:9)
    at JwtStrategy.authenticate (/Users/mac/Desktop/SEO/node_modules/passport-jwt/lib/strategy.js:96:21)
    at attempt (/Users/mac/Desktop/SEO/node_modules/passport/lib/middleware/authenticate.js:378:16)
    at authenticate (/Users/mac/Desktop/SEO/node_modules/passport/lib/middleware/authenticate.js:379:7)
    at /Users/mac/Desktop/SEO/apps/api/node_modules/@nestjs/passport/dist/auth.guard.js:88:3
[Nest] 36568  - 10/08/2026, 8:30:34 PM   ERROR [ExceptionsHandler] You do not have access to this workspace
ForbiddenException: You do not have access to this workspace
    at WorkspaceGuard.canActivate (/Users/mac/Desktop/SEO/apps/api/src/auth/workspace.guard.ts:29:13)
    at async GuardsConsumer.tryActivate (/Users/mac/Desktop/SEO/node_modules/@nestjs/core/guards/guards-consumer.js:16:17)
    at async canActivateFn (/Users/mac/Desktop/SEO/node_modules/@nestjs/core/router/router-execution-context.js:135:33)
    at async /Users/mac/Desktop/SEO/node_modules/@nestjs/core/router/router-execution-context.js:42:31
    at async /Users/mac/Desktop/SEO/node_modules/@nestjs/core/router/router-proxy.js:9:17
[Nest] 36568  - 10/08/2026, 8:30:34 PM   ERROR [ExceptionsHandler] Unauthorized
UnauthorizedException: Unauthorized
    at JwtAuthGuard.handleRequest (/Users/mac/Desktop/SEO/apps/api/node_modules/@nestjs/passport/dist/auth.guard.js:60:30)
    at /Users/mac/Desktop/SEO/apps/api/node_modules/@nestjs/passport/dist/auth.guard.js:44:124
    at /Users/mac/Desktop/SEO/apps/api/node_modules/@nestjs/passport/dist/auth.guard.js:83:24
    at allFailed (/Users/mac/Desktop/SEO/node_modules/passport/lib/middleware/authenticate.js:110:18)
    at attempt (/Users/mac/Desktop/SEO/node_modules/passport/lib/middleware/authenticate.js:183:28)
    at JwtStrategy.strategy.fail (/Users/mac/Desktop/SEO/node_modules/passport/lib/middleware/authenticate.js:314:9)
    at JwtStrategy.authenticate (/Users/mac/Desktop/SEO/node_modules/passport-jwt/lib/strategy.js:96:21)
    at attempt (/Users/mac/Desktop/SEO/node_modules/passport/lib/middleware/authenticate.js:378:16)
    at authenticate (/Users/mac/Desktop/SEO/node_modules/passport/lib/middleware/authenticate.js:379:7)
    at /Users/mac/Desktop/SEO/apps/api/node_modules/@nestjs/passport/dist/auth.guard.js:88:3
[Nest] 36568  - 10/08/2026, 8:30:34 PM   ERROR [ExceptionsHandler] You do not have access to this workspace
ForbiddenException: You do not have access to this workspace
    at WorkspaceGuard.canActivate (/Users/mac/Desktop/SEO/apps/api/src/auth/workspace.guard.ts:29:13)
    at async GuardsConsumer.tryActivate (/Users/mac/Desktop/SEO/node_modules/@nestjs/core/guards/guards-consumer.js:16:17)
    at async canActivateFn (/Users/mac/Desktop/SEO/node_modules/@nestjs/core/router/router-execution-context.js:135:33)
    at async /Users/mac/Desktop/SEO/node_modules/@nestjs/core/router/router-execution-context.js:42:31
    at async /Users/mac/Desktop/SEO/node_modules/@nestjs/core/router/router-proxy.js:9:17
[Nest] 36568  - 10/08/2026, 8:30:34 PM   ERROR [ExceptionsHandler] Unauthorized
UnauthorizedException: Unauthorized
    at JwtAuthGuard.handleRequest (/Users/mac/Desktop/SEO/apps/api/node_modules/@nestjs/passport/dist/auth.guard.js:60:30)
    at /Users/mac/Desktop/SEO/apps/api/node_modules/@nestjs/passport/dist/auth.guard.js:44:124
    at /Users/mac/Desktop/SEO/apps/api/node_modules/@nestjs/passport/dist/auth.guard.js:83:24
    at allFailed (/Users/mac/Desktop/SEO/node_modules/passport/lib/middleware/authenticate.js:110:18)
    at attempt (/Users/mac/Desktop/SEO/node_modules/passport/lib/middleware/authenticate.js:183:28)
    at JwtStrategy.strategy.fail (/Users/mac/Desktop/SEO/node_modules/passport/lib/middleware/authenticate.js:314:9)
    at JwtStrategy.authenticate (/Users/mac/Desktop/SEO/node_modules/passport-jwt/lib/strategy.js:96:21)
    at attempt (/Users/mac/Desktop/SEO/node_modules/passport/lib/middleware/authenticate.js:378:16)
    at authenticate (/Users/mac/Desktop/SEO/node_modules/passport/lib/middleware/authenticate.js:379:7)
    at /Users/mac/Desktop/SEO/apps/api/node_modules/@nestjs/passport/dist/auth.guard.js:88:3
[Nest] 36568  - 10/08/2026, 8:30:34 PM   ERROR [ExceptionsHandler] You do not have access to this workspace
ForbiddenException: You do not have access to this workspace
    at WorkspaceGuard.canActivate (/Users/mac/Desktop/SEO/apps/api/src/auth/workspace.guard.ts:29:13)
    at async GuardsConsumer.tryActivate (/Users/mac/Desktop/SEO/node_modules/@nestjs/core/guards/guards-consumer.js:16:17)
    at async canActivateFn (/Users/mac/Desktop/SEO/node_modules/@nestjs/core/router/router-execution-context.js:135:33)
    at async /Users/mac/Desktop/SEO/node_modules/@nestjs/core/router/router-execution-context.js:42:31
    at async /Users/mac/Desktop/SEO/node_modules/@nestjs/core/router/router-proxy.js:9:17
[Nest] 36568  - 10/08/2026, 8:30:34 PM   ERROR [ExceptionsHandler] Unauthorized
UnauthorizedException: Unauthorized
    at JwtAuthGuard.handleRequest (/Users/mac/Desktop/SEO/apps/api/node_modules/@nestjs/passport/dist/auth.guard.js:60:30)
    at /Users/mac/Desktop/SEO/apps/api/node_modules/@nestjs/passport/dist/auth.guard.js:44:124
    at /Users/mac/Desktop/SEO/apps/api/node_modules/@nestjs/passport/dist/auth.guard.js:83:24
    at allFailed (/Users/mac/Desktop/SEO/node_modules/passport/lib/middleware/authenticate.js:110:18)
    at attempt (/Users/mac/Desktop/SEO/node_modules/passport/lib/middleware/authenticate.js:183:28)
    at JwtStrategy.strategy.fail (/Users/mac/Desktop/SEO/node_modules/passport/lib/middleware/authenticate.js:314:9)
    at JwtStrategy.authenticate (/Users/mac/Desktop/SEO/node_modules/passport-jwt/lib/strategy.js:96:21)
    at attempt (/Users/mac/Desktop/SEO/node_modules/passport/lib/middleware/authenticate.js:378:16)
    at authenticate (/Users/mac/Desktop/SEO/node_modules/passport/lib/middleware/authenticate.js:379:7)
    at /Users/mac/Desktop/SEO/apps/api/node_modules/@nestjs/passport/dist/auth.guard.js:88:3
[Nest] 36568  - 10/08/2026, 8:30:34 PM   ERROR [ExceptionsHandler] You do not have access to this workspace
ForbiddenException: You do not have access to this workspace
    at WorkspaceGuard.canActivate (/Users/mac/Desktop/SEO/apps/api/src/auth/workspace.guard.ts:29:13)
    at async GuardsConsumer.tryActivate (/Users/mac/Desktop/SEO/node_modules/@nestjs/core/guards/guards-consumer.js:16:17)
    at async canActivateFn (/Users/mac/Desktop/SEO/node_modules/@nestjs/core/router/router-execution-context.js:135:33)
    at async /Users/mac/Desktop/SEO/node_modules/@nestjs/core/router/router-execution-context.js:42:31
    at async /Users/mac/Desktop/SEO/node_modules/@nestjs/core/router/router-proxy.js:9:17
[Nest] 36568  - 10/08/2026, 8:30:34 PM   ERROR [ExceptionsHandler] Unauthorized
UnauthorizedException: Unauthorized
    at JwtAuthGuard.handleRequest (/Users/mac/Desktop/SEO/apps/api/node_modules/@nestjs/passport/dist/auth.guard.js:60:30)
    at /Users/mac/Desktop/SEO/apps/api/node_modules/@nestjs/passport/dist/auth.guard.js:44:124
    at /Users/mac/Desktop/SEO/apps/api/node_modules/@nestjs/passport/dist/auth.guard.js:83:24
    at allFailed (/Users/mac/Desktop/SEO/node_modules/passport/lib/middleware/authenticate.js:110:18)
    at attempt (/Users/mac/Desktop/SEO/node_modules/passport/lib/middleware/authenticate.js:183:28)
    at JwtStrategy.strategy.fail (/Users/mac/Desktop/SEO/node_modules/passport/lib/middleware/authenticate.js:314:9)
    at JwtStrategy.authenticate (/Users/mac/Desktop/SEO/node_modules/passport-jwt/lib/strategy.js:96:21)
    at attempt (/Users/mac/Desktop/SEO/node_modules/passport/lib/middleware/authenticate.js:378:16)
    at authenticate (/Users/mac/Desktop/SEO/node_modules/passport/lib/middleware/authenticate.js:379:7)
    at /Users/mac/Desktop/SEO/apps/api/node_modules/@nestjs/passport/dist/auth.guard.js:88:3
[Nest] 36568  - 10/08/2026, 8:30:34 PM   ERROR [ExceptionsHandler] You do not have access to this workspace
ForbiddenException: You do not have access to this workspace
    at WorkspaceGuard.canActivate (/Users/mac/Desktop/SEO/apps/api/src/auth/workspace.guard.ts:29:13)
    at async GuardsConsumer.tryActivate (/Users/mac/Desktop/SEO/node_modules/@nestjs/core/guards/guards-consumer.js:16:17)
    at async canActivateFn (/Users/mac/Desktop/SEO/node_modules/@nestjs/core/router/router-execution-context.js:135:33)
    at async /Users/mac/Desktop/SEO/node_modules/@nestjs/core/router/router-execution-context.js:42:31
    at async /Users/mac/Desktop/SEO/node_modules/@nestjs/core/router/router-proxy.js:9:17
[Nest] 36568  - 10/08/2026, 8:30:34 PM   ERROR [ExceptionsHandler] Unauthorized
UnauthorizedException: Unauthorized
    at JwtAuthGuard.handleRequest (/Users/mac/Desktop/SEO/apps/api/node_modules/@nestjs/passport/dist/auth.guard.js:60:30)
    at /Users/mac/Desktop/SEO/apps/api/node_modules/@nestjs/passport/dist/auth.guard.js:44:124
    at /Users/mac/Desktop/SEO/apps/api/node_modules/@nestjs/passport/dist/auth.guard.js:83:24
    at allFailed (/Users/mac/Desktop/SEO/node_modules/passport/lib/middleware/authenticate.js:110:18)
    at attempt (/Users/mac/Desktop/SEO/node_modules/passport/lib/middleware/authenticate.js:183:28)
    at JwtStrategy.strategy.fail (/Users/mac/Desktop/SEO/node_modules/passport/lib/middleware/authenticate.js:314:9)
    at JwtStrategy.authenticate (/Users/mac/Desktop/SEO/node_modules/passport-jwt/lib/strategy.js:96:21)
    at attempt (/Users/mac/Desktop/SEO/node_modules/passport/lib/middleware/authenticate.js:378:16)
    at authenticate (/Users/mac/Desktop/SEO/node_modules/passport/lib/middleware/authenticate.js:379:7)
    at /Users/mac/Desktop/SEO/apps/api/node_modules/@nestjs/passport/dist/auth.guard.js:88:3
[Nest] 36568  - 10/08/2026, 8:30:34 PM   ERROR [ExceptionsHandler] You do not have access to this workspace
ForbiddenException: You do not have access to this workspace
    at WorkspaceGuard.canActivate (/Users/mac/Desktop/SEO/apps/api/src/auth/workspace.guard.ts:29:13)
    at async GuardsConsumer.tryActivate (/Users/mac/Desktop/SEO/node_modules/@nestjs/core/guards/guards-consumer.js:16:17)
    at async canActivateFn (/Users/mac/Desktop/SEO/node_modules/@nestjs/core/router/router-execution-context.js:135:33)
    at async /Users/mac/Desktop/SEO/node_modules/@nestjs/core/router/router-execution-context.js:42:31
    at async /Users/mac/Desktop/SEO/node_modules/@nestjs/core/router/router-proxy.js:9:17
[Nest] 36568  - 10/08/2026, 8:30:34 PM   ERROR [ExceptionsHandler] Unauthorized
UnauthorizedException: Unauthorized
    at JwtAuthGuard.handleRequest (/Users/mac/Desktop/SEO/apps/api/node_modules/@nestjs/passport/dist/auth.guard.js:60:30)
    at /Users/mac/Desktop/SEO/apps/api/node_modules/@nestjs/passport/dist/auth.guard.js:44:124
    at /Users/mac/Desktop/SEO/apps/api/node_modules/@nestjs/passport/dist/auth.guard.js:83:24
    at allFailed (/Users/mac/Desktop/SEO/node_modules/passport/lib/middleware/authenticate.js:110:18)
    at attempt (/Users/mac/Desktop/SEO/node_modules/passport/lib/middleware/authenticate.js:183:28)
    at JwtStrategy.strategy.fail (/Users/mac/Desktop/SEO/node_modules/passport/lib/middleware/authenticate.js:314:9)
    at JwtStrategy.authenticate (/Users/mac/Desktop/SEO/node_modules/passport-jwt/lib/strategy.js:96:21)
    at attempt (/Users/mac/Desktop/SEO/node_modules/passport/lib/middleware/authenticate.js:378:16)
    at authenticate (/Users/mac/Desktop/SEO/node_modules/passport/lib/middleware/authenticate.js:379:7)
    at /Users/mac/Desktop/SEO/apps/api/node_modules/@nestjs/passport/dist/auth.guard.js:88:3
[Nest] 36568  - 10/08/2026, 8:30:34 PM   ERROR [ExceptionsHandler] You do not have access to this workspace
ForbiddenException: You do not have access to this workspace
    at WorkspaceGuard.canActivate (/Users/mac/Desktop/SEO/apps/api/src/auth/workspace.guard.ts:29:13)
    at async GuardsConsumer.tryActivate (/Users/mac/Desktop/SEO/node_modules/@nestjs/core/guards/guards-consumer.js:16:17)
    at async canActivateFn (/Users/mac/Desktop/SEO/node_modules/@nestjs/core/router/router-execution-context.js:135:33)
    at async /Users/mac/Desktop/SEO/node_modules/@nestjs/core/router/router-execution-context.js:42:31
    at async /Users/mac/Desktop/SEO/node_modules/@nestjs/core/router/router-proxy.js:9:17
[Nest] 36568  - 10/08/2026, 8:30:34 PM   ERROR [ExceptionsHandler] Unauthorized
UnauthorizedException: Unauthorized
    at JwtAuthGuard.handleRequest (/Users/mac/Desktop/SEO/apps/api/node_modules/@nestjs/passport/dist/auth.guard.js:60:30)
    at /Users/mac/Desktop/SEO/apps/api/node_modules/@nestjs/passport/dist/auth.guard.js:44:124
    at /Users/mac/Desktop/SEO/apps/api/node_modules/@nestjs/passport/dist/auth.guard.js:83:24
    at allFailed (/Users/mac/Desktop/SEO/node_modules/passport/lib/middleware/authenticate.js:110:18)
    at attempt (/Users/mac/Desktop/SEO/node_modules/passport/lib/middleware/authenticate.js:183:28)
    at JwtStrategy.strategy.fail (/Users/mac/Desktop/SEO/node_modules/passport/lib/middleware/authenticate.js:314:9)
    at JwtStrategy.authenticate (/Users/mac/Desktop/SEO/node_modules/passport-jwt/lib/strategy.js:96:21)
    at attempt (/Users/mac/Desktop/SEO/node_modules/passport/lib/middleware/authenticate.js:378:16)
    at authenticate (/Users/mac/Desktop/SEO/node_modules/passport/lib/middleware/authenticate.js:379:7)
    at /Users/mac/Desktop/SEO/apps/api/node_modules/@nestjs/passport/dist/auth.guard.js:88:3
[Nest] 36568  - 10/08/2026, 8:30:34 PM   ERROR [ExceptionsHandler] You do not have access to this workspace
ForbiddenException: You do not have access to this workspace
    at WorkspaceGuard.canActivate (/Users/mac/Desktop/SEO/apps/api/src/auth/workspace.guard.ts:29:13)
    at async GuardsConsumer.tryActivate (/Users/mac/Desktop/SEO/node_modules/@nestjs/core/guards/guards-consumer.js:16:17)
    at async canActivateFn (/Users/mac/Desktop/SEO/node_modules/@nestjs/core/router/router-execution-context.js:135:33)
    at async /Users/mac/Desktop/SEO/node_modules/@nestjs/core/router/router-execution-context.js:42:31
    at async /Users/mac/Desktop/SEO/node_modules/@nestjs/core/router/router-proxy.js:9:17
[Nest] 36568  - 10/08/2026, 8:30:34 PM   ERROR [ExceptionsHandler] Unauthorized
UnauthorizedException: Unauthorized
    at JwtAuthGuard.handleRequest (/Users/mac/Desktop/SEO/apps/api/node_modules/@nestjs/passport/dist/auth.guard.js:60:30)
    at /Users/mac/Desktop/SEO/apps/api/node_modules/@nestjs/passport/dist/auth.guard.js:44:124
    at /Users/mac/Desktop/SEO/apps/api/node_modules/@nestjs/passport/dist/auth.guard.js:83:24
    at allFailed (/Users/mac/Desktop/SEO/node_modules/passport/lib/middleware/authenticate.js:110:18)
    at attempt (/Users/mac/Desktop/SEO/node_modules/passport/lib/middleware/authenticate.js:183:28)
    at JwtStrategy.strategy.fail (/Users/mac/Desktop/SEO/node_modules/passport/lib/middleware/authenticate.js:314:9)
    at JwtStrategy.authenticate (/Users/mac/Desktop/SEO/node_modules/passport-jwt/lib/strategy.js:96:21)
    at attempt (/Users/mac/Desktop/SEO/node_modules/passport/lib/middleware/authenticate.js:378:16)
    at authenticate (/Users/mac/Desktop/SEO/node_modules/passport/lib/middleware/authenticate.js:379:7)
    at /Users/mac/Desktop/SEO/apps/api/node_modules/@nestjs/passport/dist/auth.guard.js:88:3
[Nest] 36568  - 10/08/2026, 8:30:34 PM   ERROR [ExceptionsHandler] You do not have access to this workspace
ForbiddenException: You do not have access to this workspace
    at WorkspaceGuard.canActivate (/Users/mac/Desktop/SEO/apps/api/src/auth/workspace.guard.ts:29:13)
    at async GuardsConsumer.tryActivate (/Users/mac/Desktop/SEO/node_modules/@nestjs/core/guards/guards-consumer.js:16:17)
    at async canActivateFn (/Users/mac/Desktop/SEO/node_modules/@nestjs/core/router/router-execution-context.js:135:33)
    at async /Users/mac/Desktop/SEO/node_modules/@nestjs/core/router/router-execution-context.js:42:31
    at async /Users/mac/Desktop/SEO/node_modules/@nestjs/core/router/router-proxy.js:9:17
[Nest] 36568  - 10/08/2026, 8:30:34 PM   ERROR [ExceptionsHandler] Unauthorized
UnauthorizedException: Unauthorized
    at JwtAuthGuard.handleRequest (/Users/mac/Desktop/SEO/apps/api/node_modules/@nestjs/passport/dist/auth.guard.js:60:30)
    at /Users/mac/Desktop/SEO/apps/api/node_modules/@nestjs/passport/dist/auth.guard.js:44:124
    at /Users/mac/Desktop/SEO/apps/api/node_modules/@nestjs/passport/dist/auth.guard.js:83:24
    at allFailed (/Users/mac/Desktop/SEO/node_modules/passport/lib/middleware/authenticate.js:110:18)
    at attempt (/Users/mac/Desktop/SEO/node_modules/passport/lib/middleware/authenticate.js:183:28)
    at JwtStrategy.strategy.fail (/Users/mac/Desktop/SEO/node_modules/passport/lib/middleware/authenticate.js:314:9)
    at JwtStrategy.authenticate (/Users/mac/Desktop/SEO/node_modules/passport-jwt/lib/strategy.js:96:21)
    at attempt (/Users/mac/Desktop/SEO/node_modules/passport/lib/middleware/authenticate.js:378:16)
    at authenticate (/Users/mac/Desktop/SEO/node_modules/passport/lib/middleware/authenticate.js:379:7)
    at /Users/mac/Desktop/SEO/apps/api/node_modules/@nestjs/passport/dist/auth.guard.js:88:3
[Nest] 36568  - 10/08/2026, 8:30:34 PM   ERROR [ExceptionsHandler] You do not have access to this workspace
ForbiddenException: You do not have access to this workspace
    at WorkspaceGuard.canActivate (/Users/mac/Desktop/SEO/apps/api/src/auth/workspace.guard.ts:29:13)
    at async GuardsConsumer.tryActivate (/Users/mac/Desktop/SEO/node_modules/@nestjs/core/guards/guards-consumer.js:16:17)
    at async canActivateFn (/Users/mac/Desktop/SEO/node_modules/@nestjs/core/router/router-execution-context.js:135:33)
    at async /Users/mac/Desktop/SEO/node_modules/@nestjs/core/router/router-execution-context.js:42:31
    at async /Users/mac/Desktop/SEO/node_modules/@nestjs/core/router/router-proxy.js:9:17
[Nest] 36568  - 10/08/2026, 8:30:34 PM   ERROR [ExceptionsHandler] Unauthorized
UnauthorizedException: Unauthorized
    at JwtAuthGuard.handleRequest (/Users/mac/Desktop/SEO/apps/api/node_modules/@nestjs/passport/dist/auth.guard.js:60:30)
    at /Users/mac/Desktop/SEO/apps/api/node_modules/@nestjs/passport/dist/auth.guard.js:44:124
    at /Users/mac/Desktop/SEO/apps/api/node_modules/@nestjs/passport/dist/auth.guard.js:83:24
    at allFailed (/Users/mac/Desktop/SEO/node_modules/passport/lib/middleware/authenticate.js:110:18)
    at attempt (/Users/mac/Desktop/SEO/node_modules/passport/lib/middleware/authenticate.js:183:28)
    at JwtStrategy.strategy.fail (/Users/mac/Desktop/SEO/node_modules/passport/lib/middleware/authenticate.js:314:9)
    at JwtStrategy.authenticate (/Users/mac/Desktop/SEO/node_modules/passport-jwt/lib/strategy.js:96:21)
    at attempt (/Users/mac/Desktop/SEO/node_modules/passport/lib/middleware/authenticate.js:378:16)
    at authenticate (/Users/mac/Desktop/SEO/node_modules/passport/lib/middleware/authenticate.js:379:7)
    at /Users/mac/Desktop/SEO/apps/api/node_modules/@nestjs/passport/dist/auth.guard.js:88:3
[Nest] 36568  - 10/08/2026, 8:30:34 PM   ERROR [ExceptionsHandler] You do not have access to this workspace
ForbiddenException: You do not have access to this workspace
    at WorkspaceGuard.canActivate (/Users/mac/Desktop/SEO/apps/api/src/auth/workspace.guard.ts:29:13)
    at async GuardsConsumer.tryActivate (/Users/mac/Desktop/SEO/node_modules/@nestjs/core/guards/guards-consumer.js:16:17)
    at async canActivateFn (/Users/mac/Desktop/SEO/node_modules/@nestjs/core/router/router-execution-context.js:135:33)
    at async /Users/mac/Desktop/SEO/node_modules/@nestjs/core/router/router-execution-context.js:42:31
    at async /Users/mac/Desktop/SEO/node_modules/@nestjs/core/router/router-proxy.js:9:17
[Nest] 36568  - 10/08/2026, 8:30:34 PM   ERROR [ExceptionsHandler] Unauthorized
UnauthorizedException: Unauthorized
    at JwtAuthGuard.handleRequest (/Users/mac/Desktop/SEO/apps/api/node_modules/@nestjs/passport/dist/auth.guard.js:60:30)
    at /Users/mac/Desktop/SEO/apps/api/node_modules/@nestjs/passport/dist/auth.guard.js:44:124
    at /Users/mac/Desktop/SEO/apps/api/node_modules/@nestjs/passport/dist/auth.guard.js:83:24
    at allFailed (/Users/mac/Desktop/SEO/node_modules/passport/lib/middleware/authenticate.js:110:18)
    at attempt (/Users/mac/Desktop/SEO/node_modules/passport/lib/middleware/authenticate.js:183:28)
    at JwtStrategy.strategy.fail (/Users/mac/Desktop/SEO/node_modules/passport/lib/middleware/authenticate.js:314:9)
    at JwtStrategy.authenticate (/Users/mac/Desktop/SEO/node_modules/passport-jwt/lib/strategy.js:96:21)
    at attempt (/Users/mac/Desktop/SEO/node_modules/passport/lib/middleware/authenticate.js:378:16)
    at authenticate (/Users/mac/Desktop/SEO/node_modules/passport/lib/middleware/authenticate.js:379:7)
    at /Users/mac/Desktop/SEO/apps/api/node_modules/@nestjs/passport/dist/auth.guard.js:88:3
[Nest] 36568  - 10/08/2026, 8:30:34 PM   ERROR [ExceptionsHandler] You do not have access to this workspace
ForbiddenException: You do not have access to this workspace
    at WorkspaceGuard.canActivate (/Users/mac/Desktop/SEO/apps/api/src/auth/workspace.guard.ts:29:13)
    at async GuardsConsumer.tryActivate (/Users/mac/Desktop/SEO/node_modules/@nestjs/core/guards/guards-consumer.js:16:17)
    at async canActivateFn (/Users/mac/Desktop/SEO/node_modules/@nestjs/core/router/router-execution-context.js:135:33)
    at async /Users/mac/Desktop/SEO/node_modules/@nestjs/core/router/router-execution-context.js:42:31
    at async /Users/mac/Desktop/SEO/node_modules/@nestjs/core/router/router-proxy.js:9:17
[Nest] 36568  - 10/08/2026, 8:30:34 PM   ERROR [ExceptionsHandler] Unauthorized
UnauthorizedException: Unauthorized
    at JwtAuthGuard.handleRequest (/Users/mac/Desktop/SEO/apps/api/node_modules/@nestjs/passport/dist/auth.guard.js:60:30)
    at /Users/mac/Desktop/SEO/apps/api/node_modules/@nestjs/passport/dist/auth.guard.js:44:124
    at /Users/mac/Desktop/SEO/apps/api/node_modules/@nestjs/passport/dist/auth.guard.js:83:24
    at allFailed (/Users/mac/Desktop/SEO/node_modules/passport/lib/middleware/authenticate.js:110:18)
    at attempt (/Users/mac/Desktop/SEO/node_modules/passport/lib/middleware/authenticate.js:183:28)
    at JwtStrategy.strategy.fail (/Users/mac/Desktop/SEO/node_modules/passport/lib/middleware/authenticate.js:314:9)
    at JwtStrategy.authenticate (/Users/mac/Desktop/SEO/node_modules/passport-jwt/lib/strategy.js:96:21)
    at attempt (/Users/mac/Desktop/SEO/node_modules/passport/lib/middleware/authenticate.js:378:16)
    at authenticate (/Users/mac/Desktop/SEO/node_modules/passport/lib/middleware/authenticate.js:379:7)
    at /Users/mac/Desktop/SEO/apps/api/node_modules/@nestjs/passport/dist/auth.guard.js:88:3
[Nest] 36568  - 10/08/2026, 8:30:34 PM   ERROR [ExceptionsHandler] You do not have access to this workspace
ForbiddenException: You do not have access to this workspace
    at WorkspaceGuard.canActivate (/Users/mac/Desktop/SEO/apps/api/src/auth/workspace.guard.ts:29:13)
    at async GuardsConsumer.tryActivate (/Users/mac/Desktop/SEO/node_modules/@nestjs/core/guards/guards-consumer.js:16:17)
    at async canActivateFn (/Users/mac/Desktop/SEO/node_modules/@nestjs/core/router/router-execution-context.js:135:33)
    at async /Users/mac/Desktop/SEO/node_modules/@nestjs/core/router/router-execution-context.js:42:31
    at async /Users/mac/Desktop/SEO/node_modules/@nestjs/core/router/router-proxy.js:9:17
[Nest] 36568  - 10/08/2026, 8:30:34 PM   ERROR [ExceptionsHandler] Unauthorized
UnauthorizedException: Unauthorized
    at JwtAuthGuard.handleRequest (/Users/mac/Desktop/SEO/apps/api/node_modules/@nestjs/passport/dist/auth.guard.js:60:30)
    at /Users/mac/Desktop/SEO/apps/api/node_modules/@nestjs/passport/dist/auth.guard.js:44:124
    at /Users/mac/Desktop/SEO/apps/api/node_modules/@nestjs/passport/dist/auth.guard.js:83:24
    at allFailed (/Users/mac/Desktop/SEO/node_modules/passport/lib/middleware/authenticate.js:110:18)
    at attempt (/Users/mac/Desktop/SEO/node_modules/passport/lib/middleware/authenticate.js:183:28)
    at JwtStrategy.strategy.fail (/Users/mac/Desktop/SEO/node_modules/passport/lib/middleware/authenticate.js:314:9)
    at JwtStrategy.authenticate (/Users/mac/Desktop/SEO/node_modules/passport-jwt/lib/strategy.js:96:21)
    at attempt (/Users/mac/Desktop/SEO/node_modules/passport/lib/middleware/authenticate.js:378:16)
    at authenticate (/Users/mac/Desktop/SEO/node_modules/passport/lib/middleware/authenticate.js:379:7)
    at /Users/mac/Desktop/SEO/apps/api/node_modules/@nestjs/passport/dist/auth.guard.js:88:3
[Nest] 36568  - 10/08/2026, 8:30:34 PM   ERROR [ExceptionsHandler] You do not have access to this workspace
ForbiddenException: You do not have access to this workspace
    at WorkspaceGuard.canActivate (/Users/mac/Desktop/SEO/apps/api/src/auth/workspace.guard.ts:29:13)
    at async GuardsConsumer.tryActivate (/Users/mac/Desktop/SEO/node_modules/@nestjs/core/guards/guards-consumer.js:16:17)
    at async canActivateFn (/Users/mac/Desktop/SEO/node_modules/@nestjs/core/router/router-execution-context.js:135:33)
    at async /Users/mac/Desktop/SEO/node_modules/@nestjs/core/router/router-execution-context.js:42:31
    at async /Users/mac/Desktop/SEO/node_modules/@nestjs/core/router/router-proxy.js:9:17
[Nest] 36568  - 10/08/2026, 8:30:34 PM   ERROR [ExceptionsHandler] Unauthorized
UnauthorizedException: Unauthorized
    at JwtAuthGuard.handleRequest (/Users/mac/Desktop/SEO/apps/api/node_modules/@nestjs/passport/dist/auth.guard.js:60:30)
    at /Users/mac/Desktop/SEO/apps/api/node_modules/@nestjs/passport/dist/auth.guard.js:44:124
    at /Users/mac/Desktop/SEO/apps/api/node_modules/@nestjs/passport/dist/auth.guard.js:83:24
    at allFailed (/Users/mac/Desktop/SEO/node_modules/passport/lib/middleware/authenticate.js:110:18)
    at attempt (/Users/mac/Desktop/SEO/node_modules/passport/lib/middleware/authenticate.js:183:28)
    at JwtStrategy.strategy.fail (/Users/mac/Desktop/SEO/node_modules/passport/lib/middleware/authenticate.js:314:9)
    at JwtStrategy.authenticate (/Users/mac/Desktop/SEO/node_modules/passport-jwt/lib/strategy.js:96:21)
    at attempt (/Users/mac/Desktop/SEO/node_modules/passport/lib/middleware/authenticate.js:378:16)
    at authenticate (/Users/mac/Desktop/SEO/node_modules/passport/lib/middleware/authenticate.js:379:7)
    at /Users/mac/Desktop/SEO/apps/api/node_modules/@nestjs/passport/dist/auth.guard.js:88:3
[Nest] 36568  - 10/08/2026, 8:30:34 PM   ERROR [ExceptionsHandler] You do not have access to this workspace
ForbiddenException: You do not have access to this workspace
    at WorkspaceGuard.canActivate (/Users/mac/Desktop/SEO/apps/api/src/auth/workspace.guard.ts:29:13)
    at async GuardsConsumer.tryActivate (/Users/mac/Desktop/SEO/node_modules/@nestjs/core/guards/guards-consumer.js:16:17)
    at async canActivateFn (/Users/mac/Desktop/SEO/node_modules/@nestjs/core/router/router-execution-context.js:135:33)
    at async /Users/mac/Desktop/SEO/node_modules/@nestjs/core/router/router-execution-context.js:42:31
    at async /Users/mac/Desktop/SEO/node_modules/@nestjs/core/router/router-proxy.js:9:17
[Nest] 36568  - 10/08/2026, 8:30:34 PM   ERROR [ExceptionsHandler] Unauthorized
UnauthorizedException: Unauthorized
    at JwtAuthGuard.handleRequest (/Users/mac/Desktop/SEO/apps/api/node_modules/@nestjs/passport/dist/auth.guard.js:60:30)
    at /Users/mac/Desktop/SEO/apps/api/node_modules/@nestjs/passport/dist/auth.guard.js:44:124
    at /Users/mac/Desktop/SEO/apps/api/node_modules/@nestjs/passport/dist/auth.guard.js:83:24
    at allFailed (/Users/mac/Desktop/SEO/node_modules/passport/lib/middleware/authenticate.js:110:18)
    at attempt (/Users/mac/Desktop/SEO/node_modules/passport/lib/middleware/authenticate.js:183:28)
    at JwtStrategy.strategy.fail (/Users/mac/Desktop/SEO/node_modules/passport/lib/middleware/authenticate.js:314:9)
    at JwtStrategy.authenticate (/Users/mac/Desktop/SEO/node_modules/passport-jwt/lib/strategy.js:96:21)
    at attempt (/Users/mac/Desktop/SEO/node_modules/passport/lib/middleware/authenticate.js:378:16)
    at authenticate (/Users/mac/Desktop/SEO/node_modules/passport/lib/middleware/authenticate.js:379:7)
    at /Users/mac/Desktop/SEO/apps/api/node_modules/@nestjs/passport/dist/auth.guard.js:88:3
[Nest] 36568  - 10/08/2026, 8:30:34 PM   ERROR [ExceptionsHandler] You do not have access to this workspace
ForbiddenException: You do not have access to this workspace
    at WorkspaceGuard.canActivate (/Users/mac/Desktop/SEO/apps/api/src/auth/workspace.guard.ts:29:13)
    at async GuardsConsumer.tryActivate (/Users/mac/Desktop/SEO/node_modules/@nestjs/core/guards/guards-consumer.js:16:17)
    at async canActivateFn (/Users/mac/Desktop/SEO/node_modules/@nestjs/core/router/router-execution-context.js:135:33)
    at async /Users/mac/Desktop/SEO/node_modules/@nestjs/core/router/router-execution-context.js:42:31
    at async /Users/mac/Desktop/SEO/node_modules/@nestjs/core/router/router-proxy.js:9:17
[Nest] 36568  - 10/08/2026, 8:30:34 PM   ERROR [ExceptionsHandler] Unauthorized
UnauthorizedException: Unauthorized
    at JwtAuthGuard.handleRequest (/Users/mac/Desktop/SEO/apps/api/node_modules/@nestjs/passport/dist/auth.guard.js:60:30)
    at /Users/mac/Desktop/SEO/apps/api/node_modules/@nestjs/passport/dist/auth.guard.js:44:124
    at /Users/mac/Desktop/SEO/apps/api/node_modules/@nestjs/passport/dist/auth.guard.js:83:24
    at allFailed (/Users/mac/Desktop/SEO/node_modules/passport/lib/middleware/authenticate.js:110:18)
    at attempt (/Users/mac/Desktop/SEO/node_modules/passport/lib/middleware/authenticate.js:183:28)
    at JwtStrategy.strategy.fail (/Users/mac/Desktop/SEO/node_modules/passport/lib/middleware/authenticate.js:314:9)
    at JwtStrategy.authenticate (/Users/mac/Desktop/SEO/node_modules/passport-jwt/lib/strategy.js:96:21)
    at attempt (/Users/mac/Desktop/SEO/node_modules/passport/lib/middleware/authenticate.js:378:16)
    at authenticate (/Users/mac/Desktop/SEO/node_modules/passport/lib/middleware/authenticate.js:379:7)
    at /Users/mac/Desktop/SEO/apps/api/node_modules/@nestjs/passport/dist/auth.guard.js:88:3
[Nest] 36568  - 10/08/2026, 8:30:34 PM   ERROR [ExceptionsHandler] You do not have access to this workspace
ForbiddenException: You do not have access to this workspace
    at WorkspaceGuard.canActivate (/Users/mac/Desktop/SEO/apps/api/src/auth/workspace.guard.ts:29:13)
    at async GuardsConsumer.tryActivate (/Users/mac/Desktop/SEO/node_modules/@nestjs/core/guards/guards-consumer.js:16:17)
    at async canActivateFn (/Users/mac/Desktop/SEO/node_modules/@nestjs/core/router/router-execution-context.js:135:33)
    at async /Users/mac/Desktop/SEO/node_modules/@nestjs/core/router/router-execution-context.js:42:31
    at async /Users/mac/Desktop/SEO/node_modules/@nestjs/core/router/router-proxy.js:9:17
[Nest] 36568  - 10/08/2026, 8:30:34 PM   ERROR [ExceptionsHandler] Unauthorized
UnauthorizedException: Unauthorized
    at JwtAuthGuard.handleRequest (/Users/mac/Desktop/SEO/apps/api/node_modules/@nestjs/passport/dist/auth.guard.js:60:30)
    at /Users/mac/Desktop/SEO/apps/api/node_modules/@nestjs/passport/dist/auth.guard.js:44:124
    at /Users/mac/Desktop/SEO/apps/api/node_modules/@nestjs/passport/dist/auth.guard.js:83:24
    at allFailed (/Users/mac/Desktop/SEO/node_modules/passport/lib/middleware/authenticate.js:110:18)
    at attempt (/Users/mac/Desktop/SEO/node_modules/passport/lib/middleware/authenticate.js:183:28)
    at JwtStrategy.strategy.fail (/Users/mac/Desktop/SEO/node_modules/passport/lib/middleware/authenticate.js:314:9)
    at JwtStrategy.authenticate (/Users/mac/Desktop/SEO/node_modules/passport-jwt/lib/strategy.js:96:21)
    at attempt (/Users/mac/Desktop/SEO/node_modules/passport/lib/middleware/authenticate.js:378:16)
    at authenticate (/Users/mac/Desktop/SEO/node_modules/passport/lib/middleware/authenticate.js:379:7)
    at /Users/mac/Desktop/SEO/apps/api/node_modules/@nestjs/passport/dist/auth.guard.js:88:3
[Nest] 36568  - 10/08/2026, 8:30:34 PM   ERROR [ExceptionsHandler] You do not have access to this workspace
ForbiddenException: You do not have access to this workspace
    at WorkspaceGuard.canActivate (/Users/mac/Desktop/SEO/apps/api/src/auth/workspace.guard.ts:29:13)
    at async GuardsConsumer.tryActivate (/Users/mac/Desktop/SEO/node_modules/@nestjs/core/guards/guards-consumer.js:16:17)
    at async canActivateFn (/Users/mac/Desktop/SEO/node_modules/@nestjs/core/router/router-execution-context.js:135:33)
    at async /Users/mac/Desktop/SEO/node_modules/@nestjs/core/router/router-execution-context.js:42:31
    at async /Users/mac/Desktop/SEO/node_modules/@nestjs/core/router/router-proxy.js:9:17
[Nest] 36568  - 10/08/2026, 8:30:34 PM   ERROR [ExceptionsHandler] Unauthorized
UnauthorizedException: Unauthorized
    at JwtAuthGuard.handleRequest (/Users/mac/Desktop/SEO/apps/api/node_modules/@nestjs/passport/dist/auth.guard.js:60:30)
    at /Users/mac/Desktop/SEO/apps/api/node_modules/@nestjs/passport/dist/auth.guard.js:44:124
    at /Users/mac/Desktop/SEO/apps/api/node_modules/@nestjs/passport/dist/auth.guard.js:83:24
    at allFailed (/Users/mac/Desktop/SEO/node_modules/passport/lib/middleware/authenticate.js:110:18)
    at attempt (/Users/mac/Desktop/SEO/node_modules/passport/lib/middleware/authenticate.js:183:28)
    at JwtStrategy.strategy.fail (/Users/mac/Desktop/SEO/node_modules/passport/lib/middleware/authenticate.js:314:9)
    at JwtStrategy.authenticate (/Users/mac/Desktop/SEO/node_modules/passport-jwt/lib/strategy.js:96:21)
    at attempt (/Users/mac/Desktop/SEO/node_modules/passport/lib/middleware/authenticate.js:378:16)
    at authenticate (/Users/mac/Desktop/SEO/node_modules/passport/lib/middleware/authenticate.js:379:7)
    at /Users/mac/Desktop/SEO/apps/api/node_modules/@nestjs/passport/dist/auth.guard.js:88:3
[Nest] 36568  - 10/08/2026, 8:30:34 PM   ERROR [ExceptionsHandler] You do not have access to this workspace
ForbiddenException: You do not have access to this workspace
    at WorkspaceGuard.canActivate (/Users/mac/Desktop/SEO/apps/api/src/auth/workspace.guard.ts:29:13)
    at async GuardsConsumer.tryActivate (/Users/mac/Desktop/SEO/node_modules/@nestjs/core/guards/guards-consumer.js:16:17)
    at async canActivateFn (/Users/mac/Desktop/SEO/node_modules/@nestjs/core/router/router-execution-context.js:135:33)
    at async /Users/mac/Desktop/SEO/node_modules/@nestjs/core/router/router-execution-context.js:42:31
    at async /Users/mac/Desktop/SEO/node_modules/@nestjs/core/router/router-proxy.js:9:17
[Nest] 36568  - 10/08/2026, 8:30:34 PM   ERROR [ExceptionsHandler] Unauthorized
UnauthorizedException: Unauthorized
    at JwtAuthGuard.handleRequest (/Users/mac/Desktop/SEO/apps/api/node_modules/@nestjs/passport/dist/auth.guard.js:60:30)
    at /Users/mac/Desktop/SEO/apps/api/node_modules/@nestjs/passport/dist/auth.guard.js:44:124
    at /Users/mac/Desktop/SEO/apps/api/node_modules/@nestjs/passport/dist/auth.guard.js:83:24
    at allFailed (/Users/mac/Desktop/SEO/node_modules/passport/lib/middleware/authenticate.js:110:18)
    at attempt (/Users/mac/Desktop/SEO/node_modules/passport/lib/middleware/authenticate.js:183:28)
    at JwtStrategy.strategy.fail (/Users/mac/Desktop/SEO/node_modules/passport/lib/middleware/authenticate.js:314:9)
    at JwtStrategy.authenticate (/Users/mac/Desktop/SEO/node_modules/passport-jwt/lib/strategy.js:96:21)
    at attempt (/Users/mac/Desktop/SEO/node_modules/passport/lib/middleware/authenticate.js:378:16)
    at authenticate (/Users/mac/Desktop/SEO/node_modules/passport/lib/middleware/authenticate.js:379:7)
    at /Users/mac/Desktop/SEO/apps/api/node_modules/@nestjs/passport/dist/auth.guard.js:88:3
[Nest] 36568  - 10/08/2026, 8:30:34 PM   ERROR [ExceptionsHandler] You do not have access to this workspace
ForbiddenException: You do not have access to this workspace
    at WorkspaceGuard.canActivate (/Users/mac/Desktop/SEO/apps/api/src/auth/workspace.guard.ts:29:13)
    at async GuardsConsumer.tryActivate (/Users/mac/Desktop/SEO/node_modules/@nestjs/core/guards/guards-consumer.js:16:17)
    at async canActivateFn (/Users/mac/Desktop/SEO/node_modules/@nestjs/core/router/router-execution-context.js:135:33)
    at async /Users/mac/Desktop/SEO/node_modules/@nestjs/core/router/router-execution-context.js:42:31
    at async /Users/mac/Desktop/SEO/node_modules/@nestjs/core/router/router-proxy.js:9:17
[Nest] 36568  - 10/08/2026, 8:30:34 PM   ERROR [ExceptionsHandler] Unauthorized
UnauthorizedException: Unauthorized
    at JwtAuthGuard.handleRequest (/Users/mac/Desktop/SEO/apps/api/node_modules/@nestjs/passport/dist/auth.guard.js:60:30)
    at /Users/mac/Desktop/SEO/apps/api/node_modules/@nestjs/passport/dist/auth.guard.js:44:124
    at /Users/mac/Desktop/SEO/apps/api/node_modules/@nestjs/passport/dist/auth.guard.js:83:24
    at allFailed (/Users/mac/Desktop/SEO/node_modules/passport/lib/middleware/authenticate.js:110:18)
    at attempt (/Users/mac/Desktop/SEO/node_modules/passport/lib/middleware/authenticate.js:183:28)
    at JwtStrategy.strategy.fail (/Users/mac/Desktop/SEO/node_modules/passport/lib/middleware/authenticate.js:314:9)
    at JwtStrategy.authenticate (/Users/mac/Desktop/SEO/node_modules/passport-jwt/lib/strategy.js:96:21)
    at attempt (/Users/mac/Desktop/SEO/node_modules/passport/lib/middleware/authenticate.js:378:16)
    at authenticate (/Users/mac/Desktop/SEO/node_modules/passport/lib/middleware/authenticate.js:379:7)
    at /Users/mac/Desktop/SEO/apps/api/node_modules/@nestjs/passport/dist/auth.guard.js:88:3
[Nest] 36568  - 10/08/2026, 8:30:34 PM   ERROR [ExceptionsHandler] You do not have access to this workspace
ForbiddenException: You do not have access to this workspace
    at WorkspaceGuard.canActivate (/Users/mac/Desktop/SEO/apps/api/src/auth/workspace.guard.ts:29:13)
    at async GuardsConsumer.tryActivate (/Users/mac/Desktop/SEO/node_modules/@nestjs/core/guards/guards-consumer.js:16:17)
    at async canActivateFn (/Users/mac/Desktop/SEO/node_modules/@nestjs/core/router/router-execution-context.js:135:33)
    at async /Users/mac/Desktop/SEO/node_modules/@nestjs/core/router/router-execution-context.js:42:31
    at async /Users/mac/Desktop/SEO/node_modules/@nestjs/core/router/router-proxy.js:9:17
[Nest] 36568  - 10/08/2026, 8:30:34 PM   ERROR [ExceptionsHandler] Unauthorized
UnauthorizedException: Unauthorized
    at JwtAuthGuard.handleRequest (/Users/mac/Desktop/SEO/apps/api/node_modules/@nestjs/passport/dist/auth.guard.js:60:30)
    at /Users/mac/Desktop/SEO/apps/api/node_modules/@nestjs/passport/dist/auth.guard.js:44:124
    at /Users/mac/Desktop/SEO/apps/api/node_modules/@nestjs/passport/dist/auth.guard.js:83:24
    at allFailed (/Users/mac/Desktop/SEO/node_modules/passport/lib/middleware/authenticate.js:110:18)
    at attempt (/Users/mac/Desktop/SEO/node_modules/passport/lib/middleware/authenticate.js:183:28)
    at JwtStrategy.strategy.fail (/Users/mac/Desktop/SEO/node_modules/passport/lib/middleware/authenticate.js:314:9)
    at JwtStrategy.authenticate (/Users/mac/Desktop/SEO/node_modules/passport-jwt/lib/strategy.js:96:21)
    at attempt (/Users/mac/Desktop/SEO/node_modules/passport/lib/middleware/authenticate.js:378:16)
    at authenticate (/Users/mac/Desktop/SEO/node_modules/passport/lib/middleware/authenticate.js:379:7)
    at /Users/mac/Desktop/SEO/apps/api/node_modules/@nestjs/passport/dist/auth.guard.js:88:3
[Nest] 36568  - 10/08/2026, 8:30:34 PM   ERROR [ExceptionsHandler] You do not have access to this workspace
ForbiddenException: You do not have access to this workspace
    at WorkspaceGuard.canActivate (/Users/mac/Desktop/SEO/apps/api/src/auth/workspace.guard.ts:29:13)
    at async GuardsConsumer.tryActivate (/Users/mac/Desktop/SEO/node_modules/@nestjs/core/guards/guards-consumer.js:16:17)
    at async canActivateFn (/Users/mac/Desktop/SEO/node_modules/@nestjs/core/router/router-execution-context.js:135:33)
    at async /Users/mac/Desktop/SEO/node_modules/@nestjs/core/router/router-execution-context.js:42:31
    at async /Users/mac/Desktop/SEO/node_modules/@nestjs/core/router/router-proxy.js:9:17
[Nest] 36568  - 10/08/2026, 8:30:34 PM   ERROR [ExceptionsHandler] Unauthorized
UnauthorizedException: Unauthorized
    at JwtAuthGuard.handleRequest (/Users/mac/Desktop/SEO/apps/api/node_modules/@nestjs/passport/dist/auth.guard.js:60:30)
    at /Users/mac/Desktop/SEO/apps/api/node_modules/@nestjs/passport/dist/auth.guard.js:44:124
    at /Users/mac/Desktop/SEO/apps/api/node_modules/@nestjs/passport/dist/auth.guard.js:83:24
    at allFailed (/Users/mac/Desktop/SEO/node_modules/passport/lib/middleware/authenticate.js:110:18)
    at attempt (/Users/mac/Desktop/SEO/node_modules/passport/lib/middleware/authenticate.js:183:28)
    at JwtStrategy.strategy.fail (/Users/mac/Desktop/SEO/node_modules/passport/lib/middleware/authenticate.js:314:9)
    at JwtStrategy.authenticate (/Users/mac/Desktop/SEO/node_modules/passport-jwt/lib/strategy.js:96:21)
    at attempt (/Users/mac/Desktop/SEO/node_modules/passport/lib/middleware/authenticate.js:378:16)
    at authenticate (/Users/mac/Desktop/SEO/node_modules/passport/lib/middleware/authenticate.js:379:7)
    at /Users/mac/Desktop/SEO/apps/api/node_modules/@nestjs/passport/dist/auth.guard.js:88:3
[Nest] 36568  - 10/08/2026, 8:30:34 PM   ERROR [ExceptionsHandler] You do not have access to this workspace
ForbiddenException: You do not have access to this workspace
    at WorkspaceGuard.canActivate (/Users/mac/Desktop/SEO/apps/api/src/auth/workspace.guard.ts:29:13)
    at async GuardsConsumer.tryActivate (/Users/mac/Desktop/SEO/node_modules/@nestjs/core/guards/guards-consumer.js:16:17)
    at async canActivateFn (/Users/mac/Desktop/SEO/node_modules/@nestjs/core/router/router-execution-context.js:135:33)
    at async /Users/mac/Desktop/SEO/node_modules/@nestjs/core/router/router-execution-context.js:42:31
    at async /Users/mac/Desktop/SEO/node_modules/@nestjs/core/router/router-proxy.js:9:17
[Nest] 36568  - 10/08/2026, 8:30:34 PM   ERROR [ExceptionsHandler] Unauthorized
UnauthorizedException: Unauthorized
    at JwtAuthGuard.handleRequest (/Users/mac/Desktop/SEO/apps/api/node_modules/@nestjs/passport/dist/auth.guard.js:60:30)
    at /Users/mac/Desktop/SEO/apps/api/node_modules/@nestjs/passport/dist/auth.guard.js:44:124
    at /Users/mac/Desktop/SEO/apps/api/node_modules/@nestjs/passport/dist/auth.guard.js:83:24
    at allFailed (/Users/mac/Desktop/SEO/node_modules/passport/lib/middleware/authenticate.js:110:18)
    at attempt (/Users/mac/Desktop/SEO/node_modules/passport/lib/middleware/authenticate.js:183:28)
    at JwtStrategy.strategy.fail (/Users/mac/Desktop/SEO/node_modules/passport/lib/middleware/authenticate.js:314:9)
    at JwtStrategy.authenticate (/Users/mac/Desktop/SEO/node_modules/passport-jwt/lib/strategy.js:96:21)
    at attempt (/Users/mac/Desktop/SEO/node_modules/passport/lib/middleware/authenticate.js:378:16)
    at authenticate (/Users/mac/Desktop/SEO/node_modules/passport/lib/middleware/authenticate.js:379:7)
    at /Users/mac/Desktop/SEO/apps/api/node_modules/@nestjs/passport/dist/auth.guard.js:88:3
[Nest] 36568  - 10/08/2026, 8:30:34 PM   ERROR [ExceptionsHandler] You do not have access to this workspace
ForbiddenException: You do not have access to this workspace
    at WorkspaceGuard.canActivate (/Users/mac/Desktop/SEO/apps/api/src/auth/workspace.guard.ts:29:13)
    at async GuardsConsumer.tryActivate (/Users/mac/Desktop/SEO/node_modules/@nestjs/core/guards/guards-consumer.js:16:17)
    at async canActivateFn (/Users/mac/Desktop/SEO/node_modules/@nestjs/core/router/router-execution-context.js:135:33)
    at async /Users/mac/Desktop/SEO/node_modules/@nestjs/core/router/router-execution-context.js:42:31
    at async /Users/mac/Desktop/SEO/node_modules/@nestjs/core/router/router-proxy.js:9:17
[Nest] 36568  - 10/08/2026, 8:30:34 PM   ERROR [ExceptionsHandler] Unauthorized
UnauthorizedException: Unauthorized
    at JwtAuthGuard.handleRequest (/Users/mac/Desktop/SEO/apps/api/node_modules/@nestjs/passport/dist/auth.guard.js:60:30)
    at /Users/mac/Desktop/SEO/apps/api/node_modules/@nestjs/passport/dist/auth.guard.js:44:124
    at /Users/mac/Desktop/SEO/apps/api/node_modules/@nestjs/passport/dist/auth.guard.js:83:24
    at allFailed (/Users/mac/Desktop/SEO/node_modules/passport/lib/middleware/authenticate.js:110:18)
    at attempt (/Users/mac/Desktop/SEO/node_modules/passport/lib/middleware/authenticate.js:183:28)
    at JwtStrategy.strategy.fail (/Users/mac/Desktop/SEO/node_modules/passport/lib/middleware/authenticate.js:314:9)
    at JwtStrategy.authenticate (/Users/mac/Desktop/SEO/node_modules/passport-jwt/lib/strategy.js:96:21)
    at attempt (/Users/mac/Desktop/SEO/node_modules/passport/lib/middleware/authenticate.js:378:16)
    at authenticate (/Users/mac/Desktop/SEO/node_modules/passport/lib/middleware/authenticate.js:379:7)
    at /Users/mac/Desktop/SEO/apps/api/node_modules/@nestjs/passport/dist/auth.guard.js:88:3
[Nest] 36568  - 10/08/2026, 8:30:34 PM   ERROR [ExceptionsHandler] You do not have access to this workspace
ForbiddenException: You do not have access to this workspace
    at WorkspaceGuard.canActivate (/Users/mac/Desktop/SEO/apps/api/src/auth/workspace.guard.ts:29:13)
    at async GuardsConsumer.tryActivate (/Users/mac/Desktop/SEO/node_modules/@nestjs/core/guards/guards-consumer.js:16:17)
    at async canActivateFn (/Users/mac/Desktop/SEO/node_modules/@nestjs/core/router/router-execution-context.js:135:33)
    at async /Users/mac/Desktop/SEO/node_modules/@nestjs/core/router/router-execution-context.js:42:31
    at async /Users/mac/Desktop/SEO/node_modules/@nestjs/core/router/router-proxy.js:9:17
[Nest] 36568  - 10/08/2026, 8:30:34 PM   ERROR [ExceptionsHandler] Unauthorized
UnauthorizedException: Unauthorized
    at JwtAuthGuard.handleRequest (/Users/mac/Desktop/SEO/apps/api/node_modules/@nestjs/passport/dist/auth.guard.js:60:30)
    at /Users/mac/Desktop/SEO/apps/api/node_modules/@nestjs/passport/dist/auth.guard.js:44:124
    at /Users/mac/Desktop/SEO/apps/api/node_modules/@nestjs/passport/dist/auth.guard.js:83:24
    at allFailed (/Users/mac/Desktop/SEO/node_modules/passport/lib/middleware/authenticate.js:110:18)
    at attempt (/Users/mac/Desktop/SEO/node_modules/passport/lib/middleware/authenticate.js:183:28)
    at JwtStrategy.strategy.fail (/Users/mac/Desktop/SEO/node_modules/passport/lib/middleware/authenticate.js:314:9)
    at JwtStrategy.authenticate (/Users/mac/Desktop/SEO/node_modules/passport-jwt/lib/strategy.js:96:21)
    at attempt (/Users/mac/Desktop/SEO/node_modules/passport/lib/middleware/authenticate.js:378:16)
    at authenticate (/Users/mac/Desktop/SEO/node_modules/passport/lib/middleware/authenticate.js:379:7)
    at /Users/mac/Desktop/SEO/apps/api/node_modules/@nestjs/passport/dist/auth.guard.js:88:3
[Nest] 36568  - 10/08/2026, 8:30:34 PM   ERROR [ExceptionsHandler] You do not have access to this workspace
ForbiddenException: You do not have access to this workspace
    at WorkspaceGuard.canActivate (/Users/mac/Desktop/SEO/apps/api/src/auth/workspace.guard.ts:29:13)
    at async GuardsConsumer.tryActivate (/Users/mac/Desktop/SEO/node_modules/@nestjs/core/guards/guards-consumer.js:16:17)
    at async canActivateFn (/Users/mac/Desktop/SEO/node_modules/@nestjs/core/router/router-execution-context.js:135:33)
    at async /Users/mac/Desktop/SEO/node_modules/@nestjs/core/router/router-execution-context.js:42:31
    at async /Users/mac/Desktop/SEO/node_modules/@nestjs/core/router/router-proxy.js:9:17
[Nest] 36568  - 10/08/2026, 8:30:34 PM   ERROR [ExceptionsHandler] Unauthorized
UnauthorizedException: Unauthorized
    at JwtAuthGuard.handleRequest (/Users/mac/Desktop/SEO/apps/api/node_modules/@nestjs/passport/dist/auth.guard.js:60:30)
    at /Users/mac/Desktop/SEO/apps/api/node_modules/@nestjs/passport/dist/auth.guard.js:44:124
    at /Users/mac/Desktop/SEO/apps/api/node_modules/@nestjs/passport/dist/auth.guard.js:83:24
    at allFailed (/Users/mac/Desktop/SEO/node_modules/passport/lib/middleware/authenticate.js:110:18)
    at attempt (/Users/mac/Desktop/SEO/node_modules/passport/lib/middleware/authenticate.js:183:28)
    at JwtStrategy.strategy.fail (/Users/mac/Desktop/SEO/node_modules/passport/lib/middleware/authenticate.js:314:9)
    at JwtStrategy.authenticate (/Users/mac/Desktop/SEO/node_modules/passport-jwt/lib/strategy.js:96:21)
    at attempt (/Users/mac/Desktop/SEO/node_modules/passport/lib/middleware/authenticate.js:378:16)
    at authenticate (/Users/mac/Desktop/SEO/node_modules/passport/lib/middleware/authenticate.js:379:7)
    at /Users/mac/Desktop/SEO/apps/api/node_modules/@nestjs/passport/dist/auth.guard.js:88:3
[Nest] 36568  - 10/08/2026, 8:30:34 PM   ERROR [ExceptionsHandler] You do not have access to this workspace
ForbiddenException: You do not have access to this workspace
    at WorkspaceGuard.canActivate (/Users/mac/Desktop/SEO/apps/api/src/auth/workspace.guard.ts:29:13)
    at async GuardsConsumer.tryActivate (/Users/mac/Desktop/SEO/node_modules/@nestjs/core/guards/guards-consumer.js:16:17)
    at async canActivateFn (/Users/mac/Desktop/SEO/node_modules/@nestjs/core/router/router-execution-context.js:135:33)
    at async /Users/mac/Desktop/SEO/node_modules/@nestjs/core/router/router-execution-context.js:42:31
    at async /Users/mac/Desktop/SEO/node_modules/@nestjs/core/router/router-proxy.js:9:17
[Nest] 36568  - 10/08/2026, 8:30:34 PM   ERROR [ExceptionsHandler] Unauthorized
UnauthorizedException: Unauthorized
    at JwtAuthGuard.handleRequest (/Users/mac/Desktop/SEO/apps/api/node_modules/@nestjs/passport/dist/auth.guard.js:60:30)
    at /Users/mac/Desktop/SEO/apps/api/node_modules/@nestjs/passport/dist/auth.guard.js:44:124
    at /Users/mac/Desktop/SEO/apps/api/node_modules/@nestjs/passport/dist/auth.guard.js:83:24
    at allFailed (/Users/mac/Desktop/SEO/node_modules/passport/lib/middleware/authenticate.js:110:18)
    at attempt (/Users/mac/Desktop/SEO/node_modules/passport/lib/middleware/authenticate.js:183:28)
    at JwtStrategy.strategy.fail (/Users/mac/Desktop/SEO/node_modules/passport/lib/middleware/authenticate.js:314:9)
    at JwtStrategy.authenticate (/Users/mac/Desktop/SEO/node_modules/passport-jwt/lib/strategy.js:96:21)
    at attempt (/Users/mac/Desktop/SEO/node_modules/passport/lib/middleware/authenticate.js:378:16)
    at authenticate (/Users/mac/Desktop/SEO/node_modules/passport/lib/middleware/authenticate.js:379:7)
    at /Users/mac/Desktop/SEO/apps/api/node_modules/@nestjs/passport/dist/auth.guard.js:88:3
[Nest] 36568  - 10/08/2026, 8:30:34 PM   ERROR [ExceptionsHandler] You do not have access to this workspace
ForbiddenException: You do not have access to this workspace
    at WorkspaceGuard.canActivate (/Users/mac/Desktop/SEO/apps/api/src/auth/workspace.guard.ts:29:13)
    at async GuardsConsumer.tryActivate (/Users/mac/Desktop/SEO/node_modules/@nestjs/core/guards/guards-consumer.js:16:17)
    at async canActivateFn (/Users/mac/Desktop/SEO/node_modules/@nestjs/core/router/router-execution-context.js:135:33)
    at async /Users/mac/Desktop/SEO/node_modules/@nestjs/core/router/router-execution-context.js:42:31
    at async /Users/mac/Desktop/SEO/node_modules/@nestjs/core/router/router-proxy.js:9:17
[Nest] 36568  - 10/08/2026, 8:30:34 PM   ERROR [ExceptionsHandler] Unauthorized
UnauthorizedException: Unauthorized
    at JwtAuthGuard.handleRequest (/Users/mac/Desktop/SEO/apps/api/node_modules/@nestjs/passport/dist/auth.guard.js:60:30)
    at /Users/mac/Desktop/SEO/apps/api/node_modules/@nestjs/passport/dist/auth.guard.js:44:124
    at /Users/mac/Desktop/SEO/apps/api/node_modules/@nestjs/passport/dist/auth.guard.js:83:24
    at allFailed (/Users/mac/Desktop/SEO/node_modules/passport/lib/middleware/authenticate.js:110:18)
    at attempt (/Users/mac/Desktop/SEO/node_modules/passport/lib/middleware/authenticate.js:183:28)
    at JwtStrategy.strategy.fail (/Users/mac/Desktop/SEO/node_modules/passport/lib/middleware/authenticate.js:314:9)
    at JwtStrategy.authenticate (/Users/mac/Desktop/SEO/node_modules/passport-jwt/lib/strategy.js:96:21)
    at attempt (/Users/mac/Desktop/SEO/node_modules/passport/lib/middleware/authenticate.js:378:16)
    at authenticate (/Users/mac/Desktop/SEO/node_modules/passport/lib/middleware/authenticate.js:379:7)
    at /Users/mac/Desktop/SEO/apps/api/node_modules/@nestjs/passport/dist/auth.guard.js:88:3
[Nest] 36568  - 10/08/2026, 8:30:34 PM   ERROR [ExceptionsHandler] You do not have access to this workspace
ForbiddenException: You do not have access to this workspace
    at WorkspaceGuard.canActivate (/Users/mac/Desktop/SEO/apps/api/src/auth/workspace.guard.ts:29:13)
    at async GuardsConsumer.tryActivate (/Users/mac/Desktop/SEO/node_modules/@nestjs/core/guards/guards-consumer.js:16:17)
    at async canActivateFn (/Users/mac/Desktop/SEO/node_modules/@nestjs/core/router/router-execution-context.js:135:33)
    at async /Users/mac/Desktop/SEO/node_modules/@nestjs/core/router/router-execution-context.js:42:31
    at async /Users/mac/Desktop/SEO/node_modules/@nestjs/core/router/router-proxy.js:9:17
[Nest] 36568  - 10/08/2026, 8:30:34 PM   ERROR [ExceptionsHandler] Unauthorized
UnauthorizedException: Unauthorized
    at JwtAuthGuard.handleRequest (/Users/mac/Desktop/SEO/apps/api/node_modules/@nestjs/passport/dist/auth.guard.js:60:30)
    at /Users/mac/Desktop/SEO/apps/api/node_modules/@nestjs/passport/dist/auth.guard.js:44:124
    at /Users/mac/Desktop/SEO/apps/api/node_modules/@nestjs/passport/dist/auth.guard.js:83:24
    at allFailed (/Users/mac/Desktop/SEO/node_modules/passport/lib/middleware/authenticate.js:110:18)
    at attempt (/Users/mac/Desktop/SEO/node_modules/passport/lib/middleware/authenticate.js:183:28)
    at JwtStrategy.strategy.fail (/Users/mac/Desktop/SEO/node_modules/passport/lib/middleware/authenticate.js:314:9)
    at JwtStrategy.authenticate (/Users/mac/Desktop/SEO/node_modules/passport-jwt/lib/strategy.js:96:21)
    at attempt (/Users/mac/Desktop/SEO/node_modules/passport/lib/middleware/authenticate.js:378:16)
    at authenticate (/Users/mac/Desktop/SEO/node_modules/passport/lib/middleware/authenticate.js:379:7)
    at /Users/mac/Desktop/SEO/apps/api/node_modules/@nestjs/passport/dist/auth.guard.js:88:3
[Nest] 36568  - 10/08/2026, 8:30:34 PM   ERROR [ExceptionsHandler] You do not have access to this workspace
ForbiddenException: You do not have access to this workspace
    at WorkspaceGuard.canActivate (/Users/mac/Desktop/SEO/apps/api/src/auth/workspace.guard.ts:29:13)
    at async GuardsConsumer.tryActivate (/Users/mac/Desktop/SEO/node_modules/@nestjs/core/guards/guards-consumer.js:16:17)
    at async canActivateFn (/Users/mac/Desktop/SEO/node_modules/@nestjs/core/router/router-execution-context.js:135:33)
    at async /Users/mac/Desktop/SEO/node_modules/@nestjs/core/router/router-execution-context.js:42:31
    at async /Users/mac/Desktop/SEO/node_modules/@nestjs/core/router/router-proxy.js:9:17
[Nest] 36568  - 10/08/2026, 8:30:34 PM   ERROR [ExceptionsHandler] Unauthorized
UnauthorizedException: Unauthorized
    at JwtAuthGuard.handleRequest (/Users/mac/Desktop/SEO/apps/api/node_modules/@nestjs/passport/dist/auth.guard.js:60:30)
    at /Users/mac/Desktop/SEO/apps/api/node_modules/@nestjs/passport/dist/auth.guard.js:44:124
    at /Users/mac/Desktop/SEO/apps/api/node_modules/@nestjs/passport/dist/auth.guard.js:83:24
    at allFailed (/Users/mac/Desktop/SEO/node_modules/passport/lib/middleware/authenticate.js:110:18)
    at attempt (/Users/mac/Desktop/SEO/node_modules/passport/lib/middleware/authenticate.js:183:28)
    at JwtStrategy.strategy.fail (/Users/mac/Desktop/SEO/node_modules/passport/lib/middleware/authenticate.js:314:9)
    at JwtStrategy.authenticate (/Users/mac/Desktop/SEO/node_modules/passport-jwt/lib/strategy.js:96:21)
    at attempt (/Users/mac/Desktop/SEO/node_modules/passport/lib/middleware/authenticate.js:378:16)
    at authenticate (/Users/mac/Desktop/SEO/node_modules/passport/lib/middleware/authenticate.js:379:7)
    at /Users/mac/Desktop/SEO/apps/api/node_modules/@nestjs/passport/dist/auth.guard.js:88:3
[Nest] 36568  - 10/08/2026, 8:30:34 PM   ERROR [ExceptionsHandler] You do not have access to this workspace
ForbiddenException: You do not have access to this workspace
    at WorkspaceGuard.canActivate (/Users/mac/Desktop/SEO/apps/api/src/auth/workspace.guard.ts:29:13)
    at async GuardsConsumer.tryActivate (/Users/mac/Desktop/SEO/node_modules/@nestjs/core/guards/guards-consumer.js:16:17)
    at async canActivateFn (/Users/mac/Desktop/SEO/node_modules/@nestjs/core/router/router-execution-context.js:135:33)
    at async /Users/mac/Desktop/SEO/node_modules/@nestjs/core/router/router-execution-context.js:42:31
    at async /Users/mac/Desktop/SEO/node_modules/@nestjs/core/router/router-proxy.js:9:17
[Nest] 36568  - 10/08/2026, 8:30:34 PM   ERROR [ExceptionsHandler] Unauthorized
UnauthorizedException: Unauthorized
    at JwtAuthGuard.handleRequest (/Users/mac/Desktop/SEO/apps/api/node_modules/@nestjs/passport/dist/auth.guard.js:60:30)
    at /Users/mac/Desktop/SEO/apps/api/node_modules/@nestjs/passport/dist/auth.guard.js:44:124
    at /Users/mac/Desktop/SEO/apps/api/node_modules/@nestjs/passport/dist/auth.guard.js:83:24
    at allFailed (/Users/mac/Desktop/SEO/node_modules/passport/lib/middleware/authenticate.js:110:18)
    at attempt (/Users/mac/Desktop/SEO/node_modules/passport/lib/middleware/authenticate.js:183:28)
    at JwtStrategy.strategy.fail (/Users/mac/Desktop/SEO/node_modules/passport/lib/middleware/authenticate.js:314:9)
    at JwtStrategy.authenticate (/Users/mac/Desktop/SEO/node_modules/passport-jwt/lib/strategy.js:96:21)
    at attempt (/Users/mac/Desktop/SEO/node_modules/passport/lib/middleware/authenticate.js:378:16)
    at authenticate (/Users/mac/Desktop/SEO/node_modules/passport/lib/middleware/authenticate.js:379:7)
    at /Users/mac/Desktop/SEO/apps/api/node_modules/@nestjs/passport/dist/auth.guard.js:88:3
[Nest] 36568  - 10/08/2026, 8:30:34 PM   ERROR [ExceptionsHandler] You do not have access to this workspace
ForbiddenException: You do not have access to this workspace
    at WorkspaceGuard.canActivate (/Users/mac/Desktop/SEO/apps/api/src/auth/workspace.guard.ts:29:13)
    at async GuardsConsumer.tryActivate (/Users/mac/Desktop/SEO/node_modules/@nestjs/core/guards/guards-consumer.js:16:17)
    at async canActivateFn (/Users/mac/Desktop/SEO/node_modules/@nestjs/core/router/router-execution-context.js:135:33)
    at async /Users/mac/Desktop/SEO/node_modules/@nestjs/core/router/router-execution-context.js:42:31
    at async /Users/mac/Desktop/SEO/node_modules/@nestjs/core/router/router-proxy.js:9:17
[Nest] 36568  - 10/08/2026, 8:30:34 PM   ERROR [ExceptionsHandler] Unauthorized
UnauthorizedException: Unauthorized
    at JwtAuthGuard.handleRequest (/Users/mac/Desktop/SEO/apps/api/node_modules/@nestjs/passport/dist/auth.guard.js:60:30)
    at /Users/mac/Desktop/SEO/apps/api/node_modules/@nestjs/passport/dist/auth.guard.js:44:124
    at /Users/mac/Desktop/SEO/apps/api/node_modules/@nestjs/passport/dist/auth.guard.js:83:24
    at allFailed (/Users/mac/Desktop/SEO/node_modules/passport/lib/middleware/authenticate.js:110:18)
    at attempt (/Users/mac/Desktop/SEO/node_modules/passport/lib/middleware/authenticate.js:183:28)
    at JwtStrategy.strategy.fail (/Users/mac/Desktop/SEO/node_modules/passport/lib/middleware/authenticate.js:314:9)
    at JwtStrategy.authenticate (/Users/mac/Desktop/SEO/node_modules/passport-jwt/lib/strategy.js:96:21)
    at attempt (/Users/mac/Desktop/SEO/node_modules/passport/lib/middleware/authenticate.js:378:16)
    at authenticate (/Users/mac/Desktop/SEO/node_modules/passport/lib/middleware/authenticate.js:379:7)
    at /Users/mac/Desktop/SEO/apps/api/node_modules/@nestjs/passport/dist/auth.guard.js:88:3
[Nest] 36568  - 10/08/2026, 8:30:34 PM   ERROR [ExceptionsHandler] You do not have access to this workspace
ForbiddenException: You do not have access to this workspace
    at WorkspaceGuard.canActivate (/Users/mac/Desktop/SEO/apps/api/src/auth/workspace.guard.ts:29:13)
    at async GuardsConsumer.tryActivate (/Users/mac/Desktop/SEO/node_modules/@nestjs/core/guards/guards-consumer.js:16:17)
    at async canActivateFn (/Users/mac/Desktop/SEO/node_modules/@nestjs/core/router/router-execution-context.js:135:33)
    at async /Users/mac/Desktop/SEO/node_modules/@nestjs/core/router/router-execution-context.js:42:31
    at async /Users/mac/Desktop/SEO/node_modules/@nestjs/core/router/router-proxy.js:9:17
[Nest] 36568  - 10/08/2026, 8:30:34 PM   ERROR [ExceptionsHandler] Unauthorized
UnauthorizedException: Unauthorized
    at JwtAuthGuard.handleRequest (/Users/mac/Desktop/SEO/apps/api/node_modules/@nestjs/passport/dist/auth.guard.js:60:30)
    at /Users/mac/Desktop/SEO/apps/api/node_modules/@nestjs/passport/dist/auth.guard.js:44:124
    at /Users/mac/Desktop/SEO/apps/api/node_modules/@nestjs/passport/dist/auth.guard.js:83:24
    at allFailed (/Users/mac/Desktop/SEO/node_modules/passport/lib/middleware/authenticate.js:110:18)
    at attempt (/Users/mac/Desktop/SEO/node_modules/passport/lib/middleware/authenticate.js:183:28)
    at JwtStrategy.strategy.fail (/Users/mac/Desktop/SEO/node_modules/passport/lib/middleware/authenticate.js:314:9)
    at JwtStrategy.authenticate (/Users/mac/Desktop/SEO/node_modules/passport-jwt/lib/strategy.js:96:21)
    at attempt (/Users/mac/Desktop/SEO/node_modules/passport/lib/middleware/authenticate.js:378:16)
    at authenticate (/Users/mac/Desktop/SEO/node_modules/passport/lib/middleware/authenticate.js:379:7)
    at /Users/mac/Desktop/SEO/apps/api/node_modules/@nestjs/passport/dist/auth.guard.js:88:3
[Nest] 36568  - 10/08/2026, 8:30:34 PM   ERROR [ExceptionsHandler] You do not have access to this workspace
ForbiddenException: You do not have access to this workspace
    at WorkspaceGuard.canActivate (/Users/mac/Desktop/SEO/apps/api/src/auth/workspace.guard.ts:29:13)
    at async GuardsConsumer.tryActivate (/Users/mac/Desktop/SEO/node_modules/@nestjs/core/guards/guards-consumer.js:16:17)
    at async canActivateFn (/Users/mac/Desktop/SEO/node_modules/@nestjs/core/router/router-execution-context.js:135:33)
    at async /Users/mac/Desktop/SEO/node_modules/@nestjs/core/router/router-execution-context.js:42:31
    at async /Users/mac/Desktop/SEO/node_modules/@nestjs/core/router/router-proxy.js:9:17
[Nest] 36568  - 10/08/2026, 8:30:34 PM   ERROR [ExceptionsHandler] Unauthorized
UnauthorizedException: Unauthorized
    at JwtAuthGuard.handleRequest (/Users/mac/Desktop/SEO/apps/api/node_modules/@nestjs/passport/dist/auth.guard.js:60:30)
    at /Users/mac/Desktop/SEO/apps/api/node_modules/@nestjs/passport/dist/auth.guard.js:44:124
    at /Users/mac/Desktop/SEO/apps/api/node_modules/@nestjs/passport/dist/auth.guard.js:83:24
    at allFailed (/Users/mac/Desktop/SEO/node_modules/passport/lib/middleware/authenticate.js:110:18)
    at attempt (/Users/mac/Desktop/SEO/node_modules/passport/lib/middleware/authenticate.js:183:28)
    at JwtStrategy.strategy.fail (/Users/mac/Desktop/SEO/node_modules/passport/lib/middleware/authenticate.js:314:9)
    at JwtStrategy.authenticate (/Users/mac/Desktop/SEO/node_modules/passport-jwt/lib/strategy.js:96:21)
    at attempt (/Users/mac/Desktop/SEO/node_modules/passport/lib/middleware/authenticate.js:378:16)
    at authenticate (/Users/mac/Desktop/SEO/node_modules/passport/lib/middleware/authenticate.js:379:7)
    at /Users/mac/Desktop/SEO/apps/api/node_modules/@nestjs/passport/dist/auth.guard.js:88:3
[Nest] 36568  - 10/08/2026, 8:30:34 PM   ERROR [ExceptionsHandler] You do not have access to this workspace
ForbiddenException: You do not have access to this workspace
    at WorkspaceGuard.canActivate (/Users/mac/Desktop/SEO/apps/api/src/auth/workspace.guard.ts:29:13)
    at async GuardsConsumer.tryActivate (/Users/mac/Desktop/SEO/node_modules/@nestjs/core/guards/guards-consumer.js:16:17)
    at async canActivateFn (/Users/mac/Desktop/SEO/node_modules/@nestjs/core/router/router-execution-context.js:135:33)
    at async /Users/mac/Desktop/SEO/node_modules/@nestjs/core/router/router-execution-context.js:42:31
    at async /Users/mac/Desktop/SEO/node_modules/@nestjs/core/router/router-proxy.js:9:17
[Nest] 36568  - 10/08/2026, 8:30:34 PM   ERROR [ExceptionsHandler] Unauthorized
UnauthorizedException: Unauthorized
    at JwtAuthGuard.handleRequest (/Users/mac/Desktop/SEO/apps/api/node_modules/@nestjs/passport/dist/auth.guard.js:60:30)
    at /Users/mac/Desktop/SEO/apps/api/node_modules/@nestjs/passport/dist/auth.guard.js:44:124
    at /Users/mac/Desktop/SEO/apps/api/node_modules/@nestjs/passport/dist/auth.guard.js:83:24
    at allFailed (/Users/mac/Desktop/SEO/node_modules/passport/lib/middleware/authenticate.js:110:18)
    at attempt (/Users/mac/Desktop/SEO/node_modules/passport/lib/middleware/authenticate.js:183:28)
    at JwtStrategy.strategy.fail (/Users/mac/Desktop/SEO/node_modules/passport/lib/middleware/authenticate.js:314:9)
    at JwtStrategy.authenticate (/Users/mac/Desktop/SEO/node_modules/passport-jwt/lib/strategy.js:96:21)
    at attempt (/Users/mac/Desktop/SEO/node_modules/passport/lib/middleware/authenticate.js:378:16)
    at authenticate (/Users/mac/Desktop/SEO/node_modules/passport/lib/middleware/authenticate.js:379:7)
    at /Users/mac/Desktop/SEO/apps/api/node_modules/@nestjs/passport/dist/auth.guard.js:88:3
[Nest] 36568  - 10/08/2026, 8:30:34 PM   ERROR [ExceptionsHandler] You do not have access to this workspace
ForbiddenException: You do not have access to this workspace
    at WorkspaceGuard.canActivate (/Users/mac/Desktop/SEO/apps/api/src/auth/workspace.guard.ts:29:13)
    at async GuardsConsumer.tryActivate (/Users/mac/Desktop/SEO/node_modules/@nestjs/core/guards/guards-consumer.js:16:17)
    at async canActivateFn (/Users/mac/Desktop/SEO/node_modules/@nestjs/core/router/router-execution-context.js:135:33)
    at async /Users/mac/Desktop/SEO/node_modules/@nestjs/core/router/router-execution-context.js:42:31
    at async /Users/mac/Desktop/SEO/node_modules/@nestjs/core/router/router-proxy.js:9:17
[Nest] 36568  - 10/08/2026, 8:30:34 PM   ERROR [ExceptionsHandler] Unauthorized
UnauthorizedException: Unauthorized
    at JwtAuthGuard.handleRequest (/Users/mac/Desktop/SEO/apps/api/node_modules/@nestjs/passport/dist/auth.guard.js:60:30)
    at /Users/mac/Desktop/SEO/apps/api/node_modules/@nestjs/passport/dist/auth.guard.js:44:124
    at /Users/mac/Desktop/SEO/apps/api/node_modules/@nestjs/passport/dist/auth.guard.js:83:24
    at allFailed (/Users/mac/Desktop/SEO/node_modules/passport/lib/middleware/authenticate.js:110:18)
    at attempt (/Users/mac/Desktop/SEO/node_modules/passport/lib/middleware/authenticate.js:183:28)
    at JwtStrategy.strategy.fail (/Users/mac/Desktop/SEO/node_modules/passport/lib/middleware/authenticate.js:314:9)
    at JwtStrategy.authenticate (/Users/mac/Desktop/SEO/node_modules/passport-jwt/lib/strategy.js:96:21)
    at attempt (/Users/mac/Desktop/SEO/node_modules/passport/lib/middleware/authenticate.js:378:16)
    at authenticate (/Users/mac/Desktop/SEO/node_modules/passport/lib/middleware/authenticate.js:379:7)
    at /Users/mac/Desktop/SEO/apps/api/node_modules/@nestjs/passport/dist/auth.guard.js:88:3
[Nest] 36568  - 10/08/2026, 8:30:34 PM   ERROR [ExceptionsHandler] You do not have access to this workspace
ForbiddenException: You do not have access to this workspace
    at WorkspaceGuard.canActivate (/Users/mac/Desktop/SEO/apps/api/src/auth/workspace.guard.ts:29:13)
    at async GuardsConsumer.tryActivate (/Users/mac/Desktop/SEO/node_modules/@nestjs/core/guards/guards-consumer.js:16:17)
    at async canActivateFn (/Users/mac/Desktop/SEO/node_modules/@nestjs/core/router/router-execution-context.js:135:33)
    at async /Users/mac/Desktop/SEO/node_modules/@nestjs/core/router/router-execution-context.js:42:31
    at async /Users/mac/Desktop/SEO/node_modules/@nestjs/core/router/router-proxy.js:9:17
[Nest] 36568  - 10/08/2026, 8:30:34 PM   ERROR [ExceptionsHandler] Unauthorized
UnauthorizedException: Unauthorized
    at JwtAuthGuard.handleRequest (/Users/mac/Desktop/SEO/apps/api/node_modules/@nestjs/passport/dist/auth.guard.js:60:30)
    at /Users/mac/Desktop/SEO/apps/api/node_modules/@nestjs/passport/dist/auth.guard.js:44:124
    at /Users/mac/Desktop/SEO/apps/api/node_modules/@nestjs/passport/dist/auth.guard.js:83:24
    at allFailed (/Users/mac/Desktop/SEO/node_modules/passport/lib/middleware/authenticate.js:110:18)
    at attempt (/Users/mac/Desktop/SEO/node_modules/passport/lib/middleware/authenticate.js:183:28)
    at JwtStrategy.strategy.fail (/Users/mac/Desktop/SEO/node_modules/passport/lib/middleware/authenticate.js:314:9)
    at JwtStrategy.authenticate (/Users/mac/Desktop/SEO/node_modules/passport-jwt/lib/strategy.js:96:21)
    at attempt (/Users/mac/Desktop/SEO/node_modules/passport/lib/middleware/authenticate.js:378:16)
    at authenticate (/Users/mac/Desktop/SEO/node_modules/passport/lib/middleware/authenticate.js:379:7)
    at /Users/mac/Desktop/SEO/apps/api/node_modules/@nestjs/passport/dist/auth.guard.js:88:3
[Nest] 36568  - 10/08/2026, 8:30:34 PM   ERROR [ExceptionsHandler] You do not have access to this workspace
ForbiddenException: You do not have access to this workspace
    at WorkspaceGuard.canActivate (/Users/mac/Desktop/SEO/apps/api/src/auth/workspace.guard.ts:29:13)
    at async GuardsConsumer.tryActivate (/Users/mac/Desktop/SEO/node_modules/@nestjs/core/guards/guards-consumer.js:16:17)
    at async canActivateFn (/Users/mac/Desktop/SEO/node_modules/@nestjs/core/router/router-execution-context.js:135:33)
    at async /Users/mac/Desktop/SEO/node_modules/@nestjs/core/router/router-execution-context.js:42:31
    at async /Users/mac/Desktop/SEO/node_modules/@nestjs/core/router/router-proxy.js:9:17
[Nest] 36568  - 10/08/2026, 8:30:34 PM   ERROR [ExceptionsHandler] Unauthorized
UnauthorizedException: Unauthorized
    at JwtAuthGuard.handleRequest (/Users/mac/Desktop/SEO/apps/api/node_modules/@nestjs/passport/dist/auth.guard.js:60:30)
    at /Users/mac/Desktop/SEO/apps/api/node_modules/@nestjs/passport/dist/auth.guard.js:44:124
    at /Users/mac/Desktop/SEO/apps/api/node_modules/@nestjs/passport/dist/auth.guard.js:83:24
    at allFailed (/Users/mac/Desktop/SEO/node_modules/passport/lib/middleware/authenticate.js:110:18)
    at attempt (/Users/mac/Desktop/SEO/node_modules/passport/lib/middleware/authenticate.js:183:28)
    at JwtStrategy.strategy.fail (/Users/mac/Desktop/SEO/node_modules/passport/lib/middleware/authenticate.js:314:9)
    at JwtStrategy.authenticate (/Users/mac/Desktop/SEO/node_modules/passport-jwt/lib/strategy.js:96:21)
    at attempt (/Users/mac/Desktop/SEO/node_modules/passport/lib/middleware/authenticate.js:378:16)
    at authenticate (/Users/mac/Desktop/SEO/node_modules/passport/lib/middleware/authenticate.js:379:7)
    at /Users/mac/Desktop/SEO/apps/api/node_modules/@nestjs/passport/dist/auth.guard.js:88:3
[Nest] 36568  - 10/08/2026, 8:30:34 PM   ERROR [ExceptionsHandler] You do not have access to this workspace
ForbiddenException: You do not have access to this workspace
    at WorkspaceGuard.canActivate (/Users/mac/Desktop/SEO/apps/api/src/auth/workspace.guard.ts:29:13)
    at async GuardsConsumer.tryActivate (/Users/mac/Desktop/SEO/node_modules/@nestjs/core/guards/guards-consumer.js:16:17)
    at async canActivateFn (/Users/mac/Desktop/SEO/node_modules/@nestjs/core/router/router-execution-context.js:135:33)
    at async /Users/mac/Desktop/SEO/node_modules/@nestjs/core/router/router-execution-context.js:42:31
    at async /Users/mac/Desktop/SEO/node_modules/@nestjs/core/router/router-proxy.js:9:17
[Nest] 36568  - 10/08/2026, 8:30:34 PM   ERROR [ExceptionsHandler] Unauthorized
UnauthorizedException: Unauthorized
    at JwtAuthGuard.handleRequest (/Users/mac/Desktop/SEO/apps/api/node_modules/@nestjs/passport/dist/auth.guard.js:60:30)
    at /Users/mac/Desktop/SEO/apps/api/node_modules/@nestjs/passport/dist/auth.guard.js:44:124
    at /Users/mac/Desktop/SEO/apps/api/node_modules/@nestjs/passport/dist/auth.guard.js:83:24
    at allFailed (/Users/mac/Desktop/SEO/node_modules/passport/lib/middleware/authenticate.js:110:18)
    at attempt (/Users/mac/Desktop/SEO/node_modules/passport/lib/middleware/authenticate.js:183:28)
    at JwtStrategy.strategy.fail (/Users/mac/Desktop/SEO/node_modules/passport/lib/middleware/authenticate.js:314:9)
    at JwtStrategy.authenticate (/Users/mac/Desktop/SEO/node_modules/passport-jwt/lib/strategy.js:96:21)
    at attempt (/Users/mac/Desktop/SEO/node_modules/passport/lib/middleware/authenticate.js:378:16)
    at authenticate (/Users/mac/Desktop/SEO/node_modules/passport/lib/middleware/authenticate.js:379:7)
    at /Users/mac/Desktop/SEO/apps/api/node_modules/@nestjs/passport/dist/auth.guard.js:88:3
[Nest] 36568  - 10/08/2026, 8:30:34 PM   ERROR [ExceptionsHandler] You do not have access to this workspace
ForbiddenException: You do not have access to this workspace
    at WorkspaceGuard.canActivate (/Users/mac/Desktop/SEO/apps/api/src/auth/workspace.guard.ts:29:13)
    at async GuardsConsumer.tryActivate (/Users/mac/Desktop/SEO/node_modules/@nestjs/core/guards/guards-consumer.js:16:17)
    at async canActivateFn (/Users/mac/Desktop/SEO/node_modules/@nestjs/core/router/router-execution-context.js:135:33)
    at async /Users/mac/Desktop/SEO/node_modules/@nestjs/core/router/router-execution-context.js:42:31
    at async /Users/mac/Desktop/SEO/node_modules/@nestjs/core/router/router-proxy.js:9:17
[Nest] 36568  - 10/08/2026, 8:30:34 PM   ERROR [ExceptionsHandler] Unauthorized
UnauthorizedException: Unauthorized
    at JwtAuthGuard.handleRequest (/Users/mac/Desktop/SEO/apps/api/node_modules/@nestjs/passport/dist/auth.guard.js:60:30)
    at /Users/mac/Desktop/SEO/apps/api/node_modules/@nestjs/passport/dist/auth.guard.js:44:124
    at /Users/mac/Desktop/SEO/apps/api/node_modules/@nestjs/passport/dist/auth.guard.js:83:24
    at allFailed (/Users/mac/Desktop/SEO/node_modules/passport/lib/middleware/authenticate.js:110:18)
    at attempt (/Users/mac/Desktop/SEO/node_modules/passport/lib/middleware/authenticate.js:183:28)
    at JwtStrategy.strategy.fail (/Users/mac/Desktop/SEO/node_modules/passport/lib/middleware/authenticate.js:314:9)
    at JwtStrategy.authenticate (/Users/mac/Desktop/SEO/node_modules/passport-jwt/lib/strategy.js:96:21)
    at attempt (/Users/mac/Desktop/SEO/node_modules/passport/lib/middleware/authenticate.js:378:16)
    at authenticate (/Users/mac/Desktop/SEO/node_modules/passport/lib/middleware/authenticate.js:379:7)
    at /Users/mac/Desktop/SEO/apps/api/node_modules/@nestjs/passport/dist/auth.guard.js:88:3
[Nest] 36568  - 10/08/2026, 8:30:34 PM   ERROR [ExceptionsHandler] You do not have access to this workspace
ForbiddenException: You do not have access to this workspace
    at WorkspaceGuard.canActivate (/Users/mac/Desktop/SEO/apps/api/src/auth/workspace.guard.ts:29:13)
    at async GuardsConsumer.tryActivate (/Users/mac/Desktop/SEO/node_modules/@nestjs/core/guards/guards-consumer.js:16:17)
    at async canActivateFn (/Users/mac/Desktop/SEO/node_modules/@nestjs/core/router/router-execution-context.js:135:33)
    at async /Users/mac/Desktop/SEO/node_modules/@nestjs/core/router/router-execution-context.js:42:31
    at async /Users/mac/Desktop/SEO/node_modules/@nestjs/core/router/router-proxy.js:9:17
[Nest] 36568  - 10/08/2026, 8:30:34 PM   ERROR [ExceptionsHandler] Unauthorized
UnauthorizedException: Unauthorized
    at JwtAuthGuard.handleRequest (/Users/mac/Desktop/SEO/apps/api/node_modules/@nestjs/passport/dist/auth.guard.js:60:30)
    at /Users/mac/Desktop/SEO/apps/api/node_modules/@nestjs/passport/dist/auth.guard.js:44:124
    at /Users/mac/Desktop/SEO/apps/api/node_modules/@nestjs/passport/dist/auth.guard.js:83:24
    at allFailed (/Users/mac/Desktop/SEO/node_modules/passport/lib/middleware/authenticate.js:110:18)
    at attempt (/Users/mac/Desktop/SEO/node_modules/passport/lib/middleware/authenticate.js:183:28)
    at JwtStrategy.strategy.fail (/Users/mac/Desktop/SEO/node_modules/passport/lib/middleware/authenticate.js:314:9)
    at JwtStrategy.authenticate (/Users/mac/Desktop/SEO/node_modules/passport-jwt/lib/strategy.js:96:21)
    at attempt (/Users/mac/Desktop/SEO/node_modules/passport/lib/middleware/authenticate.js:378:16)
    at authenticate (/Users/mac/Desktop/SEO/node_modules/passport/lib/middleware/authenticate.js:379:7)
    at /Users/mac/Desktop/SEO/apps/api/node_modules/@nestjs/passport/dist/auth.guard.js:88:3
[Nest] 36568  - 10/08/2026, 8:30:34 PM   ERROR [ExceptionsHandler] You do not have access to this workspace
ForbiddenException: You do not have access to this workspace
    at WorkspaceGuard.canActivate (/Users/mac/Desktop/SEO/apps/api/src/auth/workspace.guard.ts:29:13)
    at async GuardsConsumer.tryActivate (/Users/mac/Desktop/SEO/node_modules/@nestjs/core/guards/guards-consumer.js:16:17)
    at async canActivateFn (/Users/mac/Desktop/SEO/node_modules/@nestjs/core/router/router-execution-context.js:135:33)
    at async /Users/mac/Desktop/SEO/node_modules/@nestjs/core/router/router-execution-context.js:42:31
    at async /Users/mac/Desktop/SEO/node_modules/@nestjs/core/router/router-proxy.js:9:17
[Nest] 36568  - 10/08/2026, 8:30:34 PM   ERROR [ExceptionsHandler] Unauthorized
UnauthorizedException: Unauthorized
    at JwtAuthGuard.handleRequest (/Users/mac/Desktop/SEO/apps/api/node_modules/@nestjs/passport/dist/auth.guard.js:60:30)
    at /Users/mac/Desktop/SEO/apps/api/node_modules/@nestjs/passport/dist/auth.guard.js:44:124
    at /Users/mac/Desktop/SEO/apps/api/node_modules/@nestjs/passport/dist/auth.guard.js:83:24
    at allFailed (/Users/mac/Desktop/SEO/node_modules/passport/lib/middleware/authenticate.js:110:18)
    at attempt (/Users/mac/Desktop/SEO/node_modules/passport/lib/middleware/authenticate.js:183:28)
    at JwtStrategy.strategy.fail (/Users/mac/Desktop/SEO/node_modules/passport/lib/middleware/authenticate.js:314:9)
    at JwtStrategy.authenticate (/Users/mac/Desktop/SEO/node_modules/passport-jwt/lib/strategy.js:96:21)
    at attempt (/Users/mac/Desktop/SEO/node_modules/passport/lib/middleware/authenticate.js:378:16)
    at authenticate (/Users/mac/Desktop/SEO/node_modules/passport/lib/middleware/authenticate.js:379:7)
    at /Users/mac/Desktop/SEO/apps/api/node_modules/@nestjs/passport/dist/auth.guard.js:88:3
[Nest] 36568  - 10/08/2026, 8:30:34 PM   ERROR [ExceptionsHandler] You do not have access to this workspace
ForbiddenException: You do not have access to this workspace
    at WorkspaceGuard.canActivate (/Users/mac/Desktop/SEO/apps/api/src/auth/workspace.guard.ts:29:13)
    at async GuardsConsumer.tryActivate (/Users/mac/Desktop/SEO/node_modules/@nestjs/core/guards/guards-consumer.js:16:17)
    at async canActivateFn (/Users/mac/Desktop/SEO/node_modules/@nestjs/core/router/router-execution-context.js:135:33)
    at async /Users/mac/Desktop/SEO/node_modules/@nestjs/core/router/router-execution-context.js:42:31
    at async /Users/mac/Desktop/SEO/node_modules/@nestjs/core/router/router-proxy.js:9:17
[Nest] 36568  - 10/08/2026, 8:30:34 PM   ERROR [ExceptionsHandler] Unauthorized
UnauthorizedException: Unauthorized
    at JwtAuthGuard.handleRequest (/Users/mac/Desktop/SEO/apps/api/node_modules/@nestjs/passport/dist/auth.guard.js:60:30)
    at /Users/mac/Desktop/SEO/apps/api/node_modules/@nestjs/passport/dist/auth.guard.js:44:124
    at /Users/mac/Desktop/SEO/apps/api/node_modules/@nestjs/passport/dist/auth.guard.js:83:24
    at allFailed (/Users/mac/Desktop/SEO/node_modules/passport/lib/middleware/authenticate.js:110:18)
    at attempt (/Users/mac/Desktop/SEO/node_modules/passport/lib/middleware/authenticate.js:183:28)
    at JwtStrategy.strategy.fail (/Users/mac/Desktop/SEO/node_modules/passport/lib/middleware/authenticate.js:314:9)
    at JwtStrategy.authenticate (/Users/mac/Desktop/SEO/node_modules/passport-jwt/lib/strategy.js:96:21)
    at attempt (/Users/mac/Desktop/SEO/node_modules/passport/lib/middleware/authenticate.js:378:16)
    at authenticate (/Users/mac/Desktop/SEO/node_modules/passport/lib/middleware/authenticate.js:379:7)
    at /Users/mac/Desktop/SEO/apps/api/node_modules/@nestjs/passport/dist/auth.guard.js:88:3
[Nest] 36568  - 10/08/2026, 8:30:34 PM   ERROR [ExceptionsHandler] You do not have access to this workspace
ForbiddenException: You do not have access to this workspace
    at WorkspaceGuard.canActivate (/Users/mac/Desktop/SEO/apps/api/src/auth/workspace.guard.ts:29:13)
    at async GuardsConsumer.tryActivate (/Users/mac/Desktop/SEO/node_modules/@nestjs/core/guards/guards-consumer.js:16:17)
    at async canActivateFn (/Users/mac/Desktop/SEO/node_modules/@nestjs/core/router/router-execution-context.js:135:33)
    at async /Users/mac/Desktop/SEO/node_modules/@nestjs/core/router/router-execution-context.js:42:31
    at async /Users/mac/Desktop/SEO/node_modules/@nestjs/core/router/router-proxy.js:9:17
[Nest] 36568  - 10/08/2026, 8:30:34 PM   ERROR [ExceptionsHandler] Unauthorized
UnauthorizedException: Unauthorized
    at JwtAuthGuard.handleRequest (/Users/mac/Desktop/SEO/apps/api/node_modules/@nestjs/passport/dist/auth.guard.js:60:30)
    at /Users/mac/Desktop/SEO/apps/api/node_modules/@nestjs/passport/dist/auth.guard.js:44:124
    at /Users/mac/Desktop/SEO/apps/api/node_modules/@nestjs/passport/dist/auth.guard.js:83:24
    at allFailed (/Users/mac/Desktop/SEO/node_modules/passport/lib/middleware/authenticate.js:110:18)
    at attempt (/Users/mac/Desktop/SEO/node_modules/passport/lib/middleware/authenticate.js:183:28)
    at JwtStrategy.strategy.fail (/Users/mac/Desktop/SEO/node_modules/passport/lib/middleware/authenticate.js:314:9)
    at JwtStrategy.authenticate (/Users/mac/Desktop/SEO/node_modules/passport-jwt/lib/strategy.js:96:21)
    at attempt (/Users/mac/Desktop/SEO/node_modules/passport/lib/middleware/authenticate.js:378:16)
    at authenticate (/Users/mac/Desktop/SEO/node_modules/passport/lib/middleware/authenticate.js:379:7)
    at /Users/mac/Desktop/SEO/apps/api/node_modules/@nestjs/passport/dist/auth.guard.js:88:3
[Nest] 36568  - 10/08/2026, 8:30:34 PM   ERROR [ExceptionsHandler] You do not have access to this workspace
ForbiddenException: You do not have access to this workspace
    at WorkspaceGuard.canActivate (/Users/mac/Desktop/SEO/apps/api/src/auth/workspace.guard.ts:29:13)
    at async GuardsConsumer.tryActivate (/Users/mac/Desktop/SEO/node_modules/@nestjs/core/guards/guards-consumer.js:16:17)
    at async canActivateFn (/Users/mac/Desktop/SEO/node_modules/@nestjs/core/router/router-execution-context.js:135:33)
    at async /Users/mac/Desktop/SEO/node_modules/@nestjs/core/router/router-execution-context.js:42:31
    at async /Users/mac/Desktop/SEO/node_modules/@nestjs/core/router/router-proxy.js:9:17
[Nest] 36568  - 10/08/2026, 8:30:34 PM   ERROR [ExceptionsHandler] Unauthorized
UnauthorizedException: Unauthorized
    at JwtAuthGuard.handleRequest (/Users/mac/Desktop/SEO/apps/api/node_modules/@nestjs/passport/dist/auth.guard.js:60:30)
    at /Users/mac/Desktop/SEO/apps/api/node_modules/@nestjs/passport/dist/auth.guard.js:44:124
    at /Users/mac/Desktop/SEO/apps/api/node_modules/@nestjs/passport/dist/auth.guard.js:83:24
    at allFailed (/Users/mac/Desktop/SEO/node_modules/passport/lib/middleware/authenticate.js:110:18)
    at attempt (/Users/mac/Desktop/SEO/node_modules/passport/lib/middleware/authenticate.js:183:28)
    at JwtStrategy.strategy.fail (/Users/mac/Desktop/SEO/node_modules/passport/lib/middleware/authenticate.js:314:9)
    at JwtStrategy.authenticate (/Users/mac/Desktop/SEO/node_modules/passport-jwt/lib/strategy.js:96:21)
    at attempt (/Users/mac/Desktop/SEO/node_modules/passport/lib/middleware/authenticate.js:378:16)
    at authenticate (/Users/mac/Desktop/SEO/node_modules/passport/lib/middleware/authenticate.js:379:7)
    at /Users/mac/Desktop/SEO/apps/api/node_modules/@nestjs/passport/dist/auth.guard.js:88:3
[Nest] 36568  - 10/08/2026, 8:30:34 PM   ERROR [ExceptionsHandler] You do not have access to this workspace
ForbiddenException: You do not have access to this workspace
    at WorkspaceGuard.canActivate (/Users/mac/Desktop/SEO/apps/api/src/auth/workspace.guard.ts:29:13)
    at async GuardsConsumer.tryActivate (/Users/mac/Desktop/SEO/node_modules/@nestjs/core/guards/guards-consumer.js:16:17)
    at async canActivateFn (/Users/mac/Desktop/SEO/node_modules/@nestjs/core/router/router-execution-context.js:135:33)
    at async /Users/mac/Desktop/SEO/node_modules/@nestjs/core/router/router-execution-context.js:42:31
    at async /Users/mac/Desktop/SEO/node_modules/@nestjs/core/router/router-proxy.js:9:17
[Nest] 36568  - 10/08/2026, 8:30:34 PM   ERROR [ExceptionsHandler] Unauthorized
UnauthorizedException: Unauthorized
    at JwtAuthGuard.handleRequest (/Users/mac/Desktop/SEO/apps/api/node_modules/@nestjs/passport/dist/auth.guard.js:60:30)
    at /Users/mac/Desktop/SEO/apps/api/node_modules/@nestjs/passport/dist/auth.guard.js:44:124
    at /Users/mac/Desktop/SEO/apps/api/node_modules/@nestjs/passport/dist/auth.guard.js:83:24
    at allFailed (/Users/mac/Desktop/SEO/node_modules/passport/lib/middleware/authenticate.js:110:18)
    at attempt (/Users/mac/Desktop/SEO/node_modules/passport/lib/middleware/authenticate.js:183:28)
    at JwtStrategy.strategy.fail (/Users/mac/Desktop/SEO/node_modules/passport/lib/middleware/authenticate.js:314:9)
    at JwtStrategy.authenticate (/Users/mac/Desktop/SEO/node_modules/passport-jwt/lib/strategy.js:96:21)
    at attempt (/Users/mac/Desktop/SEO/node_modules/passport/lib/middleware/authenticate.js:378:16)
    at authenticate (/Users/mac/Desktop/SEO/node_modules/passport/lib/middleware/authenticate.js:379:7)
    at /Users/mac/Desktop/SEO/apps/api/node_modules/@nestjs/passport/dist/auth.guard.js:88:3
[Nest] 36568  - 10/08/2026, 8:30:34 PM   ERROR [ExceptionsHandler] You do not have access to this workspace
ForbiddenException: You do not have access to this workspace
    at WorkspaceGuard.canActivate (/Users/mac/Desktop/SEO/apps/api/src/auth/workspace.guard.ts:29:13)
    at async GuardsConsumer.tryActivate (/Users/mac/Desktop/SEO/node_modules/@nestjs/core/guards/guards-consumer.js:16:17)
    at async canActivateFn (/Users/mac/Desktop/SEO/node_modules/@nestjs/core/router/router-execution-context.js:135:33)
    at async /Users/mac/Desktop/SEO/node_modules/@nestjs/core/router/router-execution-context.js:42:31
    at async /Users/mac/Desktop/SEO/node_modules/@nestjs/core/router/router-proxy.js:9:17
[Nest] 36568  - 10/08/2026, 8:30:34 PM   ERROR [ExceptionsHandler] Unauthorized
UnauthorizedException: Unauthorized
    at JwtAuthGuard.handleRequest (/Users/mac/Desktop/SEO/apps/api/node_modules/@nestjs/passport/dist/auth.guard.js:60:30)
    at /Users/mac/Desktop/SEO/apps/api/node_modules/@nestjs/passport/dist/auth.guard.js:44:124
    at /Users/mac/Desktop/SEO/apps/api/node_modules/@nestjs/passport/dist/auth.guard.js:83:24
    at allFailed (/Users/mac/Desktop/SEO/node_modules/passport/lib/middleware/authenticate.js:110:18)
    at attempt (/Users/mac/Desktop/SEO/node_modules/passport/lib/middleware/authenticate.js:183:28)
    at JwtStrategy.strategy.fail (/Users/mac/Desktop/SEO/node_modules/passport/lib/middleware/authenticate.js:314:9)
    at JwtStrategy.authenticate (/Users/mac/Desktop/SEO/node_modules/passport-jwt/lib/strategy.js:96:21)
    at attempt (/Users/mac/Desktop/SEO/node_modules/passport/lib/middleware/authenticate.js:378:16)
    at authenticate (/Users/mac/Desktop/SEO/node_modules/passport/lib/middleware/authenticate.js:379:7)
    at /Users/mac/Desktop/SEO/apps/api/node_modules/@nestjs/passport/dist/auth.guard.js:88:3
[Nest] 36568  - 10/08/2026, 8:30:34 PM   ERROR [ExceptionsHandler] You do not have access to this workspace
ForbiddenException: You do not have access to this workspace
    at WorkspaceGuard.canActivate (/Users/mac/Desktop/SEO/apps/api/src/auth/workspace.guard.ts:29:13)
    at async GuardsConsumer.tryActivate (/Users/mac/Desktop/SEO/node_modules/@nestjs/core/guards/guards-consumer.js:16:17)
    at async canActivateFn (/Users/mac/Desktop/SEO/node_modules/@nestjs/core/router/router-execution-context.js:135:33)
    at async /Users/mac/Desktop/SEO/node_modules/@nestjs/core/router/router-execution-context.js:42:31
    at async /Users/mac/Desktop/SEO/node_modules/@nestjs/core/router/router-proxy.js:9:17
[Nest] 36568  - 10/08/2026, 8:30:34 PM   ERROR [ExceptionsHandler] Unauthorized
UnauthorizedException: Unauthorized
    at JwtAuthGuard.handleRequest (/Users/mac/Desktop/SEO/apps/api/node_modules/@nestjs/passport/dist/auth.guard.js:60:30)
    at /Users/mac/Desktop/SEO/apps/api/node_modules/@nestjs/passport/dist/auth.guard.js:44:124
    at /Users/mac/Desktop/SEO/apps/api/node_modules/@nestjs/passport/dist/auth.guard.js:83:24
    at allFailed (/Users/mac/Desktop/SEO/node_modules/passport/lib/middleware/authenticate.js:110:18)
    at attempt (/Users/mac/Desktop/SEO/node_modules/passport/lib/middleware/authenticate.js:183:28)
    at JwtStrategy.strategy.fail (/Users/mac/Desktop/SEO/node_modules/passport/lib/middleware/authenticate.js:314:9)
    at JwtStrategy.authenticate (/Users/mac/Desktop/SEO/node_modules/passport-jwt/lib/strategy.js:96:21)
    at attempt (/Users/mac/Desktop/SEO/node_modules/passport/lib/middleware/authenticate.js:378:16)
    at authenticate (/Users/mac/Desktop/SEO/node_modules/passport/lib/middleware/authenticate.js:379:7)
    at /Users/mac/Desktop/SEO/apps/api/node_modules/@nestjs/passport/dist/auth.guard.js:88:3
[Nest] 36568  - 10/08/2026, 8:30:34 PM   ERROR [ExceptionsHandler] You do not have access to this workspace
ForbiddenException: You do not have access to this workspace
    at WorkspaceGuard.canActivate (/Users/mac/Desktop/SEO/apps/api/src/auth/workspace.guard.ts:29:13)
    at async GuardsConsumer.tryActivate (/Users/mac/Desktop/SEO/node_modules/@nestjs/core/guards/guards-consumer.js:16:17)
    at async canActivateFn (/Users/mac/Desktop/SEO/node_modules/@nestjs/core/router/router-execution-context.js:135:33)
    at async /Users/mac/Desktop/SEO/node_modules/@nestjs/core/router/router-execution-context.js:42:31
    at async /Users/mac/Desktop/SEO/node_modules/@nestjs/core/router/router-proxy.js:9:17
[Nest] 36568  - 10/08/2026, 8:30:34 PM   ERROR [ExceptionsHandler] Unauthorized
UnauthorizedException: Unauthorized
    at JwtAuthGuard.handleRequest (/Users/mac/Desktop/SEO/apps/api/node_modules/@nestjs/passport/dist/auth.guard.js:60:30)
    at /Users/mac/Desktop/SEO/apps/api/node_modules/@nestjs/passport/dist/auth.guard.js:44:124
    at /Users/mac/Desktop/SEO/apps/api/node_modules/@nestjs/passport/dist/auth.guard.js:83:24
    at allFailed (/Users/mac/Desktop/SEO/node_modules/passport/lib/middleware/authenticate.js:110:18)
    at attempt (/Users/mac/Desktop/SEO/node_modules/passport/lib/middleware/authenticate.js:183:28)
    at JwtStrategy.strategy.fail (/Users/mac/Desktop/SEO/node_modules/passport/lib/middleware/authenticate.js:314:9)
    at JwtStrategy.authenticate (/Users/mac/Desktop/SEO/node_modules/passport-jwt/lib/strategy.js:96:21)
    at attempt (/Users/mac/Desktop/SEO/node_modules/passport/lib/middleware/authenticate.js:378:16)
    at authenticate (/Users/mac/Desktop/SEO/node_modules/passport/lib/middleware/authenticate.js:379:7)
    at /Users/mac/Desktop/SEO/apps/api/node_modules/@nestjs/passport/dist/auth.guard.js:88:3
[Nest] 36568  - 10/08/2026, 8:30:34 PM   ERROR [ExceptionsHandler] You do not have access to this workspace
ForbiddenException: You do not have access to this workspace
    at WorkspaceGuard.canActivate (/Users/mac/Desktop/SEO/apps/api/src/auth/workspace.guard.ts:29:13)
    at async GuardsConsumer.tryActivate (/Users/mac/Desktop/SEO/node_modules/@nestjs/core/guards/guards-consumer.js:16:17)
    at async canActivateFn (/Users/mac/Desktop/SEO/node_modules/@nestjs/core/router/router-execution-context.js:135:33)
    at async /Users/mac/Desktop/SEO/node_modules/@nestjs/core/router/router-execution-context.js:42:31
    at async /Users/mac/Desktop/SEO/node_modules/@nestjs/core/router/router-proxy.js:9:17
[Nest] 36568  - 10/08/2026, 8:30:34 PM   ERROR [ExceptionsHandler] Unauthorized
UnauthorizedException: Unauthorized
    at JwtAuthGuard.handleRequest (/Users/mac/Desktop/SEO/apps/api/node_modules/@nestjs/passport/dist/auth.guard.js:60:30)
    at /Users/mac/Desktop/SEO/apps/api/node_modules/@nestjs/passport/dist/auth.guard.js:44:124
    at /Users/mac/Desktop/SEO/apps/api/node_modules/@nestjs/passport/dist/auth.guard.js:83:24
    at allFailed (/Users/mac/Desktop/SEO/node_modules/passport/lib/middleware/authenticate.js:110:18)
    at attempt (/Users/mac/Desktop/SEO/node_modules/passport/lib/middleware/authenticate.js:183:28)
    at JwtStrategy.strategy.fail (/Users/mac/Desktop/SEO/node_modules/passport/lib/middleware/authenticate.js:314:9)
    at JwtStrategy.authenticate (/Users/mac/Desktop/SEO/node_modules/passport-jwt/lib/strategy.js:96:21)
    at attempt (/Users/mac/Desktop/SEO/node_modules/passport/lib/middleware/authenticate.js:378:16)
    at authenticate (/Users/mac/Desktop/SEO/node_modules/passport/lib/middleware/authenticate.js:379:7)
    at /Users/mac/Desktop/SEO/apps/api/node_modules/@nestjs/passport/dist/auth.guard.js:88:3
[Nest] 36568  - 10/08/2026, 8:30:34 PM   ERROR [ExceptionsHandler] You do not have access to this workspace
ForbiddenException: You do not have access to this workspace
    at WorkspaceGuard.canActivate (/Users/mac/Desktop/SEO/apps/api/src/auth/workspace.guard.ts:29:13)
    at async GuardsConsumer.tryActivate (/Users/mac/Desktop/SEO/node_modules/@nestjs/core/guards/guards-consumer.js:16:17)
    at async canActivateFn (/Users/mac/Desktop/SEO/node_modules/@nestjs/core/router/router-execution-context.js:135:33)
    at async /Users/mac/Desktop/SEO/node_modules/@nestjs/core/router/router-execution-context.js:42:31
    at async /Users/mac/Desktop/SEO/node_modules/@nestjs/core/router/router-proxy.js:9:17
[Nest] 36568  - 10/08/2026, 8:30:34 PM   ERROR [ExceptionsHandler] Unauthorized
UnauthorizedException: Unauthorized
    at JwtAuthGuard.handleRequest (/Users/mac/Desktop/SEO/apps/api/node_modules/@nestjs/passport/dist/auth.guard.js:60:30)
    at /Users/mac/Desktop/SEO/apps/api/node_modules/@nestjs/passport/dist/auth.guard.js:44:124
    at /Users/mac/Desktop/SEO/apps/api/node_modules/@nestjs/passport/dist/auth.guard.js:83:24
    at allFailed (/Users/mac/Desktop/SEO/node_modules/passport/lib/middleware/authenticate.js:110:18)
    at attempt (/Users/mac/Desktop/SEO/node_modules/passport/lib/middleware/authenticate.js:183:28)
    at JwtStrategy.strategy.fail (/Users/mac/Desktop/SEO/node_modules/passport/lib/middleware/authenticate.js:314:9)
    at JwtStrategy.authenticate (/Users/mac/Desktop/SEO/node_modules/passport-jwt/lib/strategy.js:96:21)
    at attempt (/Users/mac/Desktop/SEO/node_modules/passport/lib/middleware/authenticate.js:378:16)
    at authenticate (/Users/mac/Desktop/SEO/node_modules/passport/lib/middleware/authenticate.js:379:7)
    at /Users/mac/Desktop/SEO/apps/api/node_modules/@nestjs/passport/dist/auth.guard.js:88:3
[Nest] 36568  - 10/08/2026, 8:30:34 PM   ERROR [ExceptionsHandler] You do not have access to this workspace
ForbiddenException: You do not have access to this workspace
    at WorkspaceGuard.canActivate (/Users/mac/Desktop/SEO/apps/api/src/auth/workspace.guard.ts:29:13)
    at async GuardsConsumer.tryActivate (/Users/mac/Desktop/SEO/node_modules/@nestjs/core/guards/guards-consumer.js:16:17)
    at async canActivateFn (/Users/mac/Desktop/SEO/node_modules/@nestjs/core/router/router-execution-context.js:135:33)
    at async /Users/mac/Desktop/SEO/node_modules/@nestjs/core/router/router-execution-context.js:42:31
    at async /Users/mac/Desktop/SEO/node_modules/@nestjs/core/router/router-proxy.js:9:17
[Nest] 36568  - 10/08/2026, 8:30:34 PM   ERROR [ExceptionsHandler] Unauthorized
UnauthorizedException: Unauthorized
    at JwtAuthGuard.handleRequest (/Users/mac/Desktop/SEO/apps/api/node_modules/@nestjs/passport/dist/auth.guard.js:60:30)
    at /Users/mac/Desktop/SEO/apps/api/node_modules/@nestjs/passport/dist/auth.guard.js:44:124
    at /Users/mac/Desktop/SEO/apps/api/node_modules/@nestjs/passport/dist/auth.guard.js:83:24
    at allFailed (/Users/mac/Desktop/SEO/node_modules/passport/lib/middleware/authenticate.js:110:18)
    at attempt (/Users/mac/Desktop/SEO/node_modules/passport/lib/middleware/authenticate.js:183:28)
    at JwtStrategy.strategy.fail (/Users/mac/Desktop/SEO/node_modules/passport/lib/middleware/authenticate.js:314:9)
    at JwtStrategy.authenticate (/Users/mac/Desktop/SEO/node_modules/passport-jwt/lib/strategy.js:96:21)
    at attempt (/Users/mac/Desktop/SEO/node_modules/passport/lib/middleware/authenticate.js:378:16)
    at authenticate (/Users/mac/Desktop/SEO/node_modules/passport/lib/middleware/authenticate.js:379:7)
    at /Users/mac/Desktop/SEO/apps/api/node_modules/@nestjs/passport/dist/auth.guard.js:88:3
[Nest] 36568  - 10/08/2026, 8:30:34 PM   ERROR [ExceptionsHandler] You do not have access to this workspace
ForbiddenException: You do not have access to this workspace
    at WorkspaceGuard.canActivate (/Users/mac/Desktop/SEO/apps/api/src/auth/workspace.guard.ts:29:13)
    at async GuardsConsumer.tryActivate (/Users/mac/Desktop/SEO/node_modules/@nestjs/core/guards/guards-consumer.js:16:17)
    at async canActivateFn (/Users/mac/Desktop/SEO/node_modules/@nestjs/core/router/router-execution-context.js:135:33)
    at async /Users/mac/Desktop/SEO/node_modules/@nestjs/core/router/router-execution-context.js:42:31
    at async /Users/mac/Desktop/SEO/node_modules/@nestjs/core/router/router-proxy.js:9:17
[Nest] 36568  - 10/08/2026, 8:30:34 PM   ERROR [ExceptionsHandler] Unauthorized
UnauthorizedException: Unauthorized
    at JwtAuthGuard.handleRequest (/Users/mac/Desktop/SEO/apps/api/node_modules/@nestjs/passport/dist/auth.guard.js:60:30)
    at /Users/mac/Desktop/SEO/apps/api/node_modules/@nestjs/passport/dist/auth.guard.js:44:124
    at /Users/mac/Desktop/SEO/apps/api/node_modules/@nestjs/passport/dist/auth.guard.js:83:24
    at allFailed (/Users/mac/Desktop/SEO/node_modules/passport/lib/middleware/authenticate.js:110:18)
    at attempt (/Users/mac/Desktop/SEO/node_modules/passport/lib/middleware/authenticate.js:183:28)
    at JwtStrategy.strategy.fail (/Users/mac/Desktop/SEO/node_modules/passport/lib/middleware/authenticate.js:314:9)
    at JwtStrategy.authenticate (/Users/mac/Desktop/SEO/node_modules/passport-jwt/lib/strategy.js:96:21)
    at attempt (/Users/mac/Desktop/SEO/node_modules/passport/lib/middleware/authenticate.js:378:16)
    at authenticate (/Users/mac/Desktop/SEO/node_modules/passport/lib/middleware/authenticate.js:379:7)
    at /Users/mac/Desktop/SEO/apps/api/node_modules/@nestjs/passport/dist/auth.guard.js:88:3
[Nest] 36568  - 10/08/2026, 8:30:34 PM   ERROR [ExceptionsHandler] You do not have access to this workspace
ForbiddenException: You do not have access to this workspace
    at WorkspaceGuard.canActivate (/Users/mac/Desktop/SEO/apps/api/src/auth/workspace.guard.ts:29:13)
    at async GuardsConsumer.tryActivate (/Users/mac/Desktop/SEO/node_modules/@nestjs/core/guards/guards-consumer.js:16:17)
    at async canActivateFn (/Users/mac/Desktop/SEO/node_modules/@nestjs/core/router/router-execution-context.js:135:33)
    at async /Users/mac/Desktop/SEO/node_modules/@nestjs/core/router/router-execution-context.js:42:31
    at async /Users/mac/Desktop/SEO/node_modules/@nestjs/core/router/router-proxy.js:9:17
[Nest] 36568  - 10/08/2026, 8:30:34 PM   ERROR [ExceptionsHandler] Unauthorized
UnauthorizedException: Unauthorized
    at JwtAuthGuard.handleRequest (/Users/mac/Desktop/SEO/apps/api/node_modules/@nestjs/passport/dist/auth.guard.js:60:30)
    at /Users/mac/Desktop/SEO/apps/api/node_modules/@nestjs/passport/dist/auth.guard.js:44:124
    at /Users/mac/Desktop/SEO/apps/api/node_modules/@nestjs/passport/dist/auth.guard.js:83:24
    at allFailed (/Users/mac/Desktop/SEO/node_modules/passport/lib/middleware/authenticate.js:110:18)
    at attempt (/Users/mac/Desktop/SEO/node_modules/passport/lib/middleware/authenticate.js:183:28)
    at JwtStrategy.strategy.fail (/Users/mac/Desktop/SEO/node_modules/passport/lib/middleware/authenticate.js:314:9)
    at JwtStrategy.authenticate (/Users/mac/Desktop/SEO/node_modules/passport-jwt/lib/strategy.js:96:21)
    at attempt (/Users/mac/Desktop/SEO/node_modules/passport/lib/middleware/authenticate.js:378:16)
    at authenticate (/Users/mac/Desktop/SEO/node_modules/passport/lib/middleware/authenticate.js:379:7)
    at /Users/mac/Desktop/SEO/apps/api/node_modules/@nestjs/passport/dist/auth.guard.js:88:3
[Nest] 36568  - 10/08/2026, 8:30:34 PM   ERROR [ExceptionsHandler] You do not have access to this workspace
ForbiddenException: You do not have access to this workspace
    at WorkspaceGuard.canActivate (/Users/mac/Desktop/SEO/apps/api/src/auth/workspace.guard.ts:29:13)
    at async GuardsConsumer.tryActivate (/Users/mac/Desktop/SEO/node_modules/@nestjs/core/guards/guards-consumer.js:16:17)
    at async canActivateFn (/Users/mac/Desktop/SEO/node_modules/@nestjs/core/router/router-execution-context.js:135:33)
    at async /Users/mac/Desktop/SEO/node_modules/@nestjs/core/router/router-execution-context.js:42:31
    at async /Users/mac/Desktop/SEO/node_modules/@nestjs/core/router/router-proxy.js:9:17
[Nest] 36568  - 10/08/2026, 8:30:34 PM   ERROR [ExceptionsHandler] Unauthorized
UnauthorizedException: Unauthorized
    at JwtAuthGuard.handleRequest (/Users/mac/Desktop/SEO/apps/api/node_modules/@nestjs/passport/dist/auth.guard.js:60:30)
    at /Users/mac/Desktop/SEO/apps/api/node_modules/@nestjs/passport/dist/auth.guard.js:44:124
    at /Users/mac/Desktop/SEO/apps/api/node_modules/@nestjs/passport/dist/auth.guard.js:83:24
    at allFailed (/Users/mac/Desktop/SEO/node_modules/passport/lib/middleware/authenticate.js:110:18)
    at attempt (/Users/mac/Desktop/SEO/node_modules/passport/lib/middleware/authenticate.js:183:28)
    at JwtStrategy.strategy.fail (/Users/mac/Desktop/SEO/node_modules/passport/lib/middleware/authenticate.js:314:9)
    at JwtStrategy.authenticate (/Users/mac/Desktop/SEO/node_modules/passport-jwt/lib/strategy.js:96:21)
    at attempt (/Users/mac/Desktop/SEO/node_modules/passport/lib/middleware/authenticate.js:378:16)
    at authenticate (/Users/mac/Desktop/SEO/node_modules/passport/lib/middleware/authenticate.js:379:7)
    at /Users/mac/Desktop/SEO/apps/api/node_modules/@nestjs/passport/dist/auth.guard.js:88:3
[Nest] 36568  - 10/08/2026, 8:30:34 PM   ERROR [ExceptionsHandler] You do not have access to this workspace
ForbiddenException: You do not have access to this workspace
    at WorkspaceGuard.canActivate (/Users/mac/Desktop/SEO/apps/api/src/auth/workspace.guard.ts:29:13)
    at async GuardsConsumer.tryActivate (/Users/mac/Desktop/SEO/node_modules/@nestjs/core/guards/guards-consumer.js:16:17)
    at async canActivateFn (/Users/mac/Desktop/SEO/node_modules/@nestjs/core/router/router-execution-context.js:135:33)
    at async /Users/mac/Desktop/SEO/node_modules/@nestjs/core/router/router-execution-context.js:42:31
    at async /Users/mac/Desktop/SEO/node_modules/@nestjs/core/router/router-proxy.js:9:17
[Nest] 36568  - 10/08/2026, 8:30:34 PM   ERROR [ExceptionsHandler] Unauthorized
UnauthorizedException: Unauthorized
    at JwtAuthGuard.handleRequest (/Users/mac/Desktop/SEO/apps/api/node_modules/@nestjs/passport/dist/auth.guard.js:60:30)
    at /Users/mac/Desktop/SEO/apps/api/node_modules/@nestjs/passport/dist/auth.guard.js:44:124
    at /Users/mac/Desktop/SEO/apps/api/node_modules/@nestjs/passport/dist/auth.guard.js:83:24
    at allFailed (/Users/mac/Desktop/SEO/node_modules/passport/lib/middleware/authenticate.js:110:18)
    at attempt (/Users/mac/Desktop/SEO/node_modules/passport/lib/middleware/authenticate.js:183:28)
    at JwtStrategy.strategy.fail (/Users/mac/Desktop/SEO/node_modules/passport/lib/middleware/authenticate.js:314:9)
    at JwtStrategy.authenticate (/Users/mac/Desktop/SEO/node_modules/passport-jwt/lib/strategy.js:96:21)
    at attempt (/Users/mac/Desktop/SEO/node_modules/passport/lib/middleware/authenticate.js:378:16)
    at authenticate (/Users/mac/Desktop/SEO/node_modules/passport/lib/middleware/authenticate.js:379:7)
    at /Users/mac/Desktop/SEO/apps/api/node_modules/@nestjs/passport/dist/auth.guard.js:88:3
[Nest] 36568  - 10/08/2026, 8:30:34 PM   ERROR [ExceptionsHandler] You do not have access to this workspace
ForbiddenException: You do not have access to this workspace
    at WorkspaceGuard.canActivate (/Users/mac/Desktop/SEO/apps/api/src/auth/workspace.guard.ts:29:13)
    at async GuardsConsumer.tryActivate (/Users/mac/Desktop/SEO/node_modules/@nestjs/core/guards/guards-consumer.js:16:17)
    at async canActivateFn (/Users/mac/Desktop/SEO/node_modules/@nestjs/core/router/router-execution-context.js:135:33)
    at async /Users/mac/Desktop/SEO/node_modules/@nestjs/core/router/router-execution-context.js:42:31
    at async /Users/mac/Desktop/SEO/node_modules/@nestjs/core/router/router-proxy.js:9:17
[Nest] 36568  - 10/08/2026, 8:30:34 PM   ERROR [ExceptionsHandler] Unauthorized
UnauthorizedException: Unauthorized
    at JwtAuthGuard.handleRequest (/Users/mac/Desktop/SEO/apps/api/node_modules/@nestjs/passport/dist/auth.guard.js:60:30)
    at /Users/mac/Desktop/SEO/apps/api/node_modules/@nestjs/passport/dist/auth.guard.js:44:124
    at /Users/mac/Desktop/SEO/apps/api/node_modules/@nestjs/passport/dist/auth.guard.js:83:24
    at allFailed (/Users/mac/Desktop/SEO/node_modules/passport/lib/middleware/authenticate.js:110:18)
    at attempt (/Users/mac/Desktop/SEO/node_modules/passport/lib/middleware/authenticate.js:183:28)
    at JwtStrategy.strategy.fail (/Users/mac/Desktop/SEO/node_modules/passport/lib/middleware/authenticate.js:314:9)
    at JwtStrategy.authenticate (/Users/mac/Desktop/SEO/node_modules/passport-jwt/lib/strategy.js:96:21)
    at attempt (/Users/mac/Desktop/SEO/node_modules/passport/lib/middleware/authenticate.js:378:16)
    at authenticate (/Users/mac/Desktop/SEO/node_modules/passport/lib/middleware/authenticate.js:379:7)
    at /Users/mac/Desktop/SEO/apps/api/node_modules/@nestjs/passport/dist/auth.guard.js:88:3
[Nest] 36568  - 10/08/2026, 8:30:34 PM   ERROR [ExceptionsHandler] You do not have access to this workspace
ForbiddenException: You do not have access to this workspace
    at WorkspaceGuard.canActivate (/Users/mac/Desktop/SEO/apps/api/src/auth/workspace.guard.ts:29:13)
    at async GuardsConsumer.tryActivate (/Users/mac/Desktop/SEO/node_modules/@nestjs/core/guards/guards-consumer.js:16:17)
    at async canActivateFn (/Users/mac/Desktop/SEO/node_modules/@nestjs/core/router/router-execution-context.js:135:33)
    at async /Users/mac/Desktop/SEO/node_modules/@nestjs/core/router/router-execution-context.js:42:31
    at async /Users/mac/Desktop/SEO/node_modules/@nestjs/core/router/router-proxy.js:9:17
[Nest] 36568  - 10/08/2026, 8:30:34 PM   ERROR [ExceptionsHandler] Unauthorized
UnauthorizedException: Unauthorized
    at JwtAuthGuard.handleRequest (/Users/mac/Desktop/SEO/apps/api/node_modules/@nestjs/passport/dist/auth.guard.js:60:30)
    at /Users/mac/Desktop/SEO/apps/api/node_modules/@nestjs/passport/dist/auth.guard.js:44:124
    at /Users/mac/Desktop/SEO/apps/api/node_modules/@nestjs/passport/dist/auth.guard.js:83:24
    at allFailed (/Users/mac/Desktop/SEO/node_modules/passport/lib/middleware/authenticate.js:110:18)
    at attempt (/Users/mac/Desktop/SEO/node_modules/passport/lib/middleware/authenticate.js:183:28)
    at JwtStrategy.strategy.fail (/Users/mac/Desktop/SEO/node_modules/passport/lib/middleware/authenticate.js:314:9)
    at JwtStrategy.authenticate (/Users/mac/Desktop/SEO/node_modules/passport-jwt/lib/strategy.js:96:21)
    at attempt (/Users/mac/Desktop/SEO/node_modules/passport/lib/middleware/authenticate.js:378:16)
    at authenticate (/Users/mac/Desktop/SEO/node_modules/passport/lib/middleware/authenticate.js:379:7)
    at /Users/mac/Desktop/SEO/apps/api/node_modules/@nestjs/passport/dist/auth.guard.js:88:3
[Nest] 36568  - 10/08/2026, 8:30:34 PM   ERROR [ExceptionsHandler] You do not have access to this workspace
ForbiddenException: You do not have access to this workspace
    at WorkspaceGuard.canActivate (/Users/mac/Desktop/SEO/apps/api/src/auth/workspace.guard.ts:29:13)
    at async GuardsConsumer.tryActivate (/Users/mac/Desktop/SEO/node_modules/@nestjs/core/guards/guards-consumer.js:16:17)
    at async canActivateFn (/Users/mac/Desktop/SEO/node_modules/@nestjs/core/router/router-execution-context.js:135:33)
    at async /Users/mac/Desktop/SEO/node_modules/@nestjs/core/router/router-execution-context.js:42:31
    at async /Users/mac/Desktop/SEO/node_modules/@nestjs/core/router/router-proxy.js:9:17
[Nest] 36568  - 10/08/2026, 8:30:34 PM   ERROR [ExceptionsHandler] Unauthorized
UnauthorizedException: Unauthorized
    at JwtAuthGuard.handleRequest (/Users/mac/Desktop/SEO/apps/api/node_modules/@nestjs/passport/dist/auth.guard.js:60:30)
    at /Users/mac/Desktop/SEO/apps/api/node_modules/@nestjs/passport/dist/auth.guard.js:44:124
    at /Users/mac/Desktop/SEO/apps/api/node_modules/@nestjs/passport/dist/auth.guard.js:83:24
    at allFailed (/Users/mac/Desktop/SEO/node_modules/passport/lib/middleware/authenticate.js:110:18)
    at attempt (/Users/mac/Desktop/SEO/node_modules/passport/lib/middleware/authenticate.js:183:28)
    at JwtStrategy.strategy.fail (/Users/mac/Desktop/SEO/node_modules/passport/lib/middleware/authenticate.js:314:9)
    at JwtStrategy.authenticate (/Users/mac/Desktop/SEO/node_modules/passport-jwt/lib/strategy.js:96:21)
    at attempt (/Users/mac/Desktop/SEO/node_modules/passport/lib/middleware/authenticate.js:378:16)
    at authenticate (/Users/mac/Desktop/SEO/node_modules/passport/lib/middleware/authenticate.js:379:7)
    at /Users/mac/Desktop/SEO/apps/api/node_modules/@nestjs/passport/dist/auth.guard.js:88:3
[Nest] 36568  - 10/08/2026, 8:30:34 PM   ERROR [ExceptionsHandler] You do not have access to this workspace
ForbiddenException: You do not have access to this workspace
    at WorkspaceGuard.canActivate (/Users/mac/Desktop/SEO/apps/api/src/auth/workspace.guard.ts:29:13)
    at async GuardsConsumer.tryActivate (/Users/mac/Desktop/SEO/node_modules/@nestjs/core/guards/guards-consumer.js:16:17)
    at async canActivateFn (/Users/mac/Desktop/SEO/node_modules/@nestjs/core/router/router-execution-context.js:135:33)
    at async /Users/mac/Desktop/SEO/node_modules/@nestjs/core/router/router-execution-context.js:42:31
    at async /Users/mac/Desktop/SEO/node_modules/@nestjs/core/router/router-proxy.js:9:17
[Nest] 36568  - 10/08/2026, 8:30:34 PM   ERROR [ExceptionsHandler] Unauthorized
UnauthorizedException: Unauthorized
    at JwtAuthGuard.handleRequest (/Users/mac/Desktop/SEO/apps/api/node_modules/@nestjs/passport/dist/auth.guard.js:60:30)
    at /Users/mac/Desktop/SEO/apps/api/node_modules/@nestjs/passport/dist/auth.guard.js:44:124
    at /Users/mac/Desktop/SEO/apps/api/node_modules/@nestjs/passport/dist/auth.guard.js:83:24
    at allFailed (/Users/mac/Desktop/SEO/node_modules/passport/lib/middleware/authenticate.js:110:18)
    at attempt (/Users/mac/Desktop/SEO/node_modules/passport/lib/middleware/authenticate.js:183:28)
    at JwtStrategy.strategy.fail (/Users/mac/Desktop/SEO/node_modules/passport/lib/middleware/authenticate.js:314:9)
    at JwtStrategy.authenticate (/Users/mac/Desktop/SEO/node_modules/passport-jwt/lib/strategy.js:96:21)
    at attempt (/Users/mac/Desktop/SEO/node_modules/passport/lib/middleware/authenticate.js:378:16)
    at authenticate (/Users/mac/Desktop/SEO/node_modules/passport/lib/middleware/authenticate.js:379:7)
    at /Users/mac/Desktop/SEO/apps/api/node_modules/@nestjs/passport/dist/auth.guard.js:88:3
[Nest] 36568  - 10/08/2026, 8:30:34 PM   ERROR [ExceptionsHandler] You do not have access to this workspace
ForbiddenException: You do not have access to this workspace
    at WorkspaceGuard.canActivate (/Users/mac/Desktop/SEO/apps/api/src/auth/workspace.guard.ts:29:13)
    at async GuardsConsumer.tryActivate (/Users/mac/Desktop/SEO/node_modules/@nestjs/core/guards/guards-consumer.js:16:17)
    at async canActivateFn (/Users/mac/Desktop/SEO/node_modules/@nestjs/core/router/router-execution-context.js:135:33)
    at async /Users/mac/Desktop/SEO/node_modules/@nestjs/core/router/router-execution-context.js:42:31
    at async /Users/mac/Desktop/SEO/node_modules/@nestjs/core/router/router-proxy.js:9:17
[Nest] 36568  - 10/08/2026, 8:30:34 PM   ERROR [ExceptionsHandler] Unauthorized
UnauthorizedException: Unauthorized
    at JwtAuthGuard.handleRequest (/Users/mac/Desktop/SEO/apps/api/node_modules/@nestjs/passport/dist/auth.guard.js:60:30)
    at /Users/mac/Desktop/SEO/apps/api/node_modules/@nestjs/passport/dist/auth.guard.js:44:124
    at /Users/mac/Desktop/SEO/apps/api/node_modules/@nestjs/passport/dist/auth.guard.js:83:24
    at allFailed (/Users/mac/Desktop/SEO/node_modules/passport/lib/middleware/authenticate.js:110:18)
    at attempt (/Users/mac/Desktop/SEO/node_modules/passport/lib/middleware/authenticate.js:183:28)
    at JwtStrategy.strategy.fail (/Users/mac/Desktop/SEO/node_modules/passport/lib/middleware/authenticate.js:314:9)
    at JwtStrategy.authenticate (/Users/mac/Desktop/SEO/node_modules/passport-jwt/lib/strategy.js:96:21)
    at attempt (/Users/mac/Desktop/SEO/node_modules/passport/lib/middleware/authenticate.js:378:16)
    at authenticate (/Users/mac/Desktop/SEO/node_modules/passport/lib/middleware/authenticate.js:379:7)
    at /Users/mac/Desktop/SEO/apps/api/node_modules/@nestjs/passport/dist/auth.guard.js:88:3
[Nest] 36568  - 10/08/2026, 8:30:34 PM   ERROR [ExceptionsHandler] You do not have access to this workspace
ForbiddenException: You do not have access to this workspace
    at WorkspaceGuard.canActivate (/Users/mac/Desktop/SEO/apps/api/src/auth/workspace.guard.ts:29:13)
    at async GuardsConsumer.tryActivate (/Users/mac/Desktop/SEO/node_modules/@nestjs/core/guards/guards-consumer.js:16:17)
    at async canActivateFn (/Users/mac/Desktop/SEO/node_modules/@nestjs/core/router/router-execution-context.js:135:33)
    at async /Users/mac/Desktop/SEO/node_modules/@nestjs/core/router/router-execution-context.js:42:31
    at async /Users/mac/Desktop/SEO/node_modules/@nestjs/core/router/router-proxy.js:9:17
[Nest] 36568  - 10/08/2026, 8:30:34 PM   ERROR [ExceptionsHandler] Unauthorized
UnauthorizedException: Unauthorized
    at JwtAuthGuard.handleRequest (/Users/mac/Desktop/SEO/apps/api/node_modules/@nestjs/passport/dist/auth.guard.js:60:30)
    at /Users/mac/Desktop/SEO/apps/api/node_modules/@nestjs/passport/dist/auth.guard.js:44:124
    at /Users/mac/Desktop/SEO/apps/api/node_modules/@nestjs/passport/dist/auth.guard.js:83:24
    at allFailed (/Users/mac/Desktop/SEO/node_modules/passport/lib/middleware/authenticate.js:110:18)
    at attempt (/Users/mac/Desktop/SEO/node_modules/passport/lib/middleware/authenticate.js:183:28)
    at JwtStrategy.strategy.fail (/Users/mac/Desktop/SEO/node_modules/passport/lib/middleware/authenticate.js:314:9)
    at JwtStrategy.authenticate (/Users/mac/Desktop/SEO/node_modules/passport-jwt/lib/strategy.js:96:21)
    at attempt (/Users/mac/Desktop/SEO/node_modules/passport/lib/middleware/authenticate.js:378:16)
    at authenticate (/Users/mac/Desktop/SEO/node_modules/passport/lib/middleware/authenticate.js:379:7)
    at /Users/mac/Desktop/SEO/apps/api/node_modules/@nestjs/passport/dist/auth.guard.js:88:3
[Nest] 36568  - 10/08/2026, 8:30:34 PM   ERROR [ExceptionsHandler] You do not have access to this workspace
ForbiddenException: You do not have access to this workspace
    at WorkspaceGuard.canActivate (/Users/mac/Desktop/SEO/apps/api/src/auth/workspace.guard.ts:29:13)
    at async GuardsConsumer.tryActivate (/Users/mac/Desktop/SEO/node_modules/@nestjs/core/guards/guards-consumer.js:16:17)
    at async canActivateFn (/Users/mac/Desktop/SEO/node_modules/@nestjs/core/router/router-execution-context.js:135:33)
    at async /Users/mac/Desktop/SEO/node_modules/@nestjs/core/router/router-execution-context.js:42:31
    at async /Users/mac/Desktop/SEO/node_modules/@nestjs/core/router/router-proxy.js:9:17
[Nest] 36568  - 10/08/2026, 8:30:34 PM   ERROR [ExceptionsHandler] Unauthorized
UnauthorizedException: Unauthorized
    at JwtAuthGuard.handleRequest (/Users/mac/Desktop/SEO/apps/api/node_modules/@nestjs/passport/dist/auth.guard.js:60:30)
    at /Users/mac/Desktop/SEO/apps/api/node_modules/@nestjs/passport/dist/auth.guard.js:44:124
    at /Users/mac/Desktop/SEO/apps/api/node_modules/@nestjs/passport/dist/auth.guard.js:83:24
    at allFailed (/Users/mac/Desktop/SEO/node_modules/passport/lib/middleware/authenticate.js:110:18)
    at attempt (/Users/mac/Desktop/SEO/node_modules/passport/lib/middleware/authenticate.js:183:28)
    at JwtStrategy.strategy.fail (/Users/mac/Desktop/SEO/node_modules/passport/lib/middleware/authenticate.js:314:9)
    at JwtStrategy.authenticate (/Users/mac/Desktop/SEO/node_modules/passport-jwt/lib/strategy.js:96:21)
    at attempt (/Users/mac/Desktop/SEO/node_modules/passport/lib/middleware/authenticate.js:378:16)
    at authenticate (/Users/mac/Desktop/SEO/node_modules/passport/lib/middleware/authenticate.js:379:7)
    at /Users/mac/Desktop/SEO/apps/api/node_modules/@nestjs/passport/dist/auth.guard.js:88:3
[Nest] 36568  - 10/08/2026, 8:30:34 PM   ERROR [ExceptionsHandler] You do not have access to this workspace
ForbiddenException: You do not have access to this workspace
    at WorkspaceGuard.canActivate (/Users/mac/Desktop/SEO/apps/api/src/auth/workspace.guard.ts:29:13)
    at async GuardsConsumer.tryActivate (/Users/mac/Desktop/SEO/node_modules/@nestjs/core/guards/guards-consumer.js:16:17)
    at async canActivateFn (/Users/mac/Desktop/SEO/node_modules/@nestjs/core/router/router-execution-context.js:135:33)
    at async /Users/mac/Desktop/SEO/node_modules/@nestjs/core/router/router-execution-context.js:42:31
    at async /Users/mac/Desktop/SEO/node_modules/@nestjs/core/router/router-proxy.js:9:17
[Nest] 36568  - 10/08/2026, 8:30:34 PM   ERROR [ExceptionsHandler] Brand profile not found
NotFoundException: Brand profile not found
    at BrandProfilesService.getProfile (/Users/mac/Desktop/SEO/apps/api/src/brand-profiles/brand-profiles.service.ts:11:25)
    at async /Users/mac/Desktop/SEO/node_modules/@nestjs/core/router/router-execution-context.js:46:28
    at async /Users/mac/Desktop/SEO/node_modules/@nestjs/core/router/router-proxy.js:9:17
[Nest] 36568  - 10/08/2026, 8:30:34 PM   ERROR [ExceptionsHandler] Content pack not found
NotFoundException: Content pack not found
    at ContentPacksService.findOne (/Users/mac/Desktop/SEO/apps/api/src/content-packs/content-packs.service.ts:100:22)
    at async /Users/mac/Desktop/SEO/node_modules/@nestjs/core/router/router-execution-context.js:46:28
    at async /Users/mac/Desktop/SEO/node_modules/@nestjs/core/router/router-proxy.js:9:17
[Nest] 36568  - 10/08/2026, 8:30:34 PM   ERROR [ExceptionsHandler] Source not found
NotFoundException: Source not found
    at SourcesService.findOne (/Users/mac/Desktop/SEO/apps/api/src/sources/sources.service.ts:36:24)
    at async /Users/mac/Desktop/SEO/node_modules/@nestjs/core/router/router-execution-context.js:46:28
    at async /Users/mac/Desktop/SEO/node_modules/@nestjs/core/router/router-proxy.js:9:17
[Nest] 36568  - 10/08/2026, 8:30:34 PM   ERROR [ExceptionsHandler] Research item not found
NotFoundException: Research item not found
    at ResearchService.findOne (/Users/mac/Desktop/SEO/apps/api/src/research/research.service.ts:95:22)
    at async /Users/mac/Desktop/SEO/node_modules/@nestjs/core/router/router-execution-context.js:46:28
    at async /Users/mac/Desktop/SEO/node_modules/@nestjs/core/router/router-proxy.js:9:17
[Nest] 36568  - 10/08/2026, 8:30:34 PM   ERROR [ExceptionsHandler] Not connected
Error: Not connected
    at GscService.getProperties (/Users/mac/Desktop/SEO/apps/api/src/gsc/gsc.service.ts:89:28)
    at async /Users/mac/Desktop/SEO/node_modules/@nestjs/core/router/router-execution-context.js:46:28
    at async /Users/mac/Desktop/SEO/node_modules/@nestjs/core/router/router-proxy.js:9:17
[Nest] 36568  - 10/08/2026, 8:30:35 PM   ERROR [ExceptionsHandler] Automation not found
NotFoundException: Automation not found
    at AutomationsService.getAutomation (/Users/mac/Desktop/SEO/apps/api/src/automations/automations.service.ts:59:22)
    at async /Users/mac/Desktop/SEO/node_modules/@nestjs/core/router/router-execution-context.js:46:28
    at async /Users/mac/Desktop/SEO/node_modules/@nestjs/core/router/router-proxy.js:9:17
[Nest] 36568  - 10/08/2026, 8:30:35 PM   ERROR [ExceptionsHandler] Automation not found
NotFoundException: Automation not found
    at AutomationsService.getAutomation (/Users/mac/Desktop/SEO/apps/api/src/automations/automations.service.ts:59:22)
    at async AutomationsService.getRuns (/Users/mac/Desktop/SEO/apps/api/src/automations/automations.service.ts:72:5)
    at async /Users/mac/Desktop/SEO/node_modules/@nestjs/core/router/router-execution-context.js:46:28
    at async /Users/mac/Desktop/SEO/node_modules/@nestjs/core/router/router-proxy.js:9:17
[Nest] 36568  - 10/08/2026, 8:30:35 PM   ERROR [ExceptionsHandler] Audit not found
NotFoundException: Audit not found
    at SeoAuditService.getAudit (/Users/mac/Desktop/SEO/apps/api/src/seo-audit/seo-audit.service.ts:190:13)
    at async /Users/mac/Desktop/SEO/node_modules/@nestjs/core/router/router-execution-context.js:46:28
    at async /Users/mac/Desktop/SEO/node_modules/@nestjs/core/router/router-proxy.js:9:17
[Nest] 36568  - 10/08/2026, 8:30:35 PM   ERROR [ExceptionsHandler] 
Invalid `any).seoAudit.findUnique()` invocation in
/Users/mac/Desktop/SEO/apps/api/src/seo-audit/seo-audit.service.ts:181:55

  178 }
  179 
  180 async getAudit(workspaceId: string, auditId: string) {
→ 181   const audit = await (this.prisma as any).seoAudit.findUnique(
Inconsistent column data: Error creating UUID, invalid character: expected an optional prefix of `urn:uuid:` followed by [0-9a-fA-F-], found `k` at 4
PrismaClientKnownRequestError: 
Invalid `any).seoAudit.findUnique()` invocation in
/Users/mac/Desktop/SEO/apps/api/src/seo-audit/seo-audit.service.ts:181:55

  178 }
  179 
  180 async getAudit(workspaceId: string, auditId: string) {
→ 181   const audit = await (this.prisma as any).seoAudit.findUnique(
Inconsistent column data: Error creating UUID, invalid character: expected an optional prefix of `urn:uuid:` followed by [0-9a-fA-F-], found `k` at 4
    at $n.handleRequestError (/Users/mac/Desktop/SEO/node_modules/@prisma/client/runtime/library.js:121:7315)
    at $n.handleAndLogRequestError (/Users/mac/Desktop/SEO/node_modules/@prisma/client/runtime/library.js:121:6623)
    at $n.request (/Users/mac/Desktop/SEO/node_modules/@prisma/client/runtime/library.js:121:6307)
    at async l (/Users/mac/Desktop/SEO/node_modules/@prisma/client/runtime/library.js:130:9633)
    at async SeoAuditService.getAudit (/Users/mac/Desktop/SEO/apps/api/src/seo-audit/seo-audit.service.ts:181:19)
    at async /Users/mac/Desktop/SEO/node_modules/@nestjs/core/router/router-execution-context.js:46:28
    at async /Users/mac/Desktop/SEO/node_modules/@nestjs/core/router/router-proxy.js:9:17
[Nest] 36568  - 10/08/2026, 8:30:35 PM   ERROR [ExceptionsHandler] Analysis not found
NotFoundException: Analysis not found
    at SeoContentService.getAnalysis (/Users/mac/Desktop/SEO/apps/api/src/seo-content/seo-content.service.ts:253:26)
    at async /Users/mac/Desktop/SEO/node_modules/@nestjs/core/router/router-execution-context.js:46:28
    at async /Users/mac/Desktop/SEO/node_modules/@nestjs/core/router/router-proxy.js:9:17
[Nest] 36568  - 10/08/2026, 8:30:35 PM   ERROR [ExceptionsHandler] Brief not found
NotFoundException: Brief not found
    at SeoStudioService.getBrief (/Users/mac/Desktop/SEO/apps/api/src/seo-studio/seo-studio.service.ts:179:23)
    at async /Users/mac/Desktop/SEO/node_modules/@nestjs/core/router/router-execution-context.js:46:28
    at async /Users/mac/Desktop/SEO/node_modules/@nestjs/core/router/router-proxy.js:9:17
[Nest] 36568  - 10/08/2026, 8:30:35 PM   ERROR [ExceptionsHandler] Draft not found
NotFoundException: Draft not found
    at SeoStudioService.getDraft (/Users/mac/Desktop/SEO/apps/api/src/seo-studio/seo-studio.service.ts:241:23)
    at async /Users/mac/Desktop/SEO/node_modules/@nestjs/core/router/router-execution-context.js:46:28
    at async /Users/mac/Desktop/SEO/node_modules/@nestjs/core/router/router-proxy.js:9:17
[Nest] 36568  - 10/08/2026, 8:30:35 PM   ERROR [ExceptionsHandler] Meta API or Login Config ID not configured
Error: Meta API or Login Config ID not configured
    at InstagramService.getAuthUrl (/Users/mac/Desktop/SEO/apps/api/src/instagram/instagram.service.ts:21:13)
    at InstagramController.getAuthUrl (/Users/mac/Desktop/SEO/apps/api/src/instagram/instagram.controller.ts:39:41)
    at /Users/mac/Desktop/SEO/node_modules/@nestjs/core/router/router-execution-context.js:38:29
    at async /Users/mac/Desktop/SEO/node_modules/@nestjs/core/router/router-execution-context.js:46:28
    at async /Users/mac/Desktop/SEO/node_modules/@nestjs/core/router/router-proxy.js:9:17
[Nest] 36568  - 10/08/2026, 8:30:35 PM   ERROR [ExceptionsHandler] Query parameter "q" is required and cannot be empty
BadRequestException: Query parameter "q" is required and cannot be empty
    at KeywordResearchController.research (/Users/mac/Desktop/SEO/apps/api/src/keyword-research/keyword-research.controller.ts:42:13)
    at /Users/mac/Desktop/SEO/node_modules/@nestjs/core/router/router-execution-context.js:38:29
    at async /Users/mac/Desktop/SEO/node_modules/@nestjs/core/router/router-execution-context.js:46:28
    at async /Users/mac/Desktop/SEO/node_modules/@nestjs/core/router/router-proxy.js:9:17
[Nest] 36568  - 10/08/2026, 8:30:35 PM   ERROR [ExceptionsHandler] "q" is required
BadRequestException: "q" is required
    at KeywordResearchController.suggestions (/Users/mac/Desktop/SEO/apps/api/src/keyword-research/keyword-research.controller.ts:66:32)
    at /Users/mac/Desktop/SEO/node_modules/@nestjs/core/router/router-execution-context.js:38:29
    at async /Users/mac/Desktop/SEO/node_modules/@nestjs/core/router/router-execution-context.js:46:28
    at async /Users/mac/Desktop/SEO/node_modules/@nestjs/core/router/router-proxy.js:9:17
[Nest] 36568  - 10/08/2026, 8:30:35 PM   ERROR [ExceptionsHandler] "q" is required
BadRequestException: "q" is required
    at KeywordResearchController.trends (/Users/mac/Desktop/SEO/apps/api/src/keyword-research/keyword-research.controller.ts:89:32)
    at /Users/mac/Desktop/SEO/node_modules/@nestjs/core/router/router-execution-context.js:38:29
    at async /Users/mac/Desktop/SEO/node_modules/@nestjs/core/router/router-execution-context.js:46:28
    at async /Users/mac/Desktop/SEO/node_modules/@nestjs/core/router/router-proxy.js:9:17
[Nest] 36568  - 10/08/2026, 8:30:35 PM   ERROR [ExceptionsHandler] "q" is required
BadRequestException: "q" is required
    at KeywordResearchController.related (/Users/mac/Desktop/SEO/apps/api/src/keyword-research/keyword-research.controller.ts:109:32)
    at /Users/mac/Desktop/SEO/node_modules/@nestjs/core/router/router-execution-context.js:38:29
    at async /Users/mac/Desktop/SEO/node_modules/@nestjs/core/router/router-execution-context.js:46:28
    at async /Users/mac/Desktop/SEO/node_modules/@nestjs/core/router/router-proxy.js:9:17
[Nest] 36568  - 10/08/2026, 8:30:35 PM   ERROR [ExceptionsHandler] At least one "kw" parameter is required
BadRequestException: At least one "kw" parameter is required
    at KeywordResearchController.compare (/Users/mac/Desktop/SEO/apps/api/src/keyword-research/keyword-research.controller.ts:130:29)
    at /Users/mac/Desktop/SEO/node_modules/@nestjs/core/router/router-execution-context.js:38:29
    at async /Users/mac/Desktop/SEO/node_modules/@nestjs/core/router/router-execution-context.js:46:28
    at async /Users/mac/Desktop/SEO/node_modules/@nestjs/core/router/router-proxy.js:9:17
[Nest] 36568  - 10/08/2026, 8:30:35 PM   ERROR [ExceptionsHandler] 
Invalid `this.prisma.withWorkspace(workspaceId).brandProfile.create()` invocation in
/Users/mac/Desktop/SEO/apps/api/src/brand-profiles/brand-profiles.service.ts:26:64

  23   });
  24 }
  25 
→ 26 return this.prisma.withWorkspace(workspaceId).brandProfile.create({
       data: {
         businessName: "Audit brand",
         industry: "Software",
         targetAudience: "Engineers",
         brandVoice: "Clear",
         primaryKeywords: undefined,
         website: "https://example.com",
         workspaceId: "c21eaae9-e1e2-444e-89ca-e408312f35ed"
       },
       where: {
       ~~~~~
         workspaceId: "c21eaae9-e1e2-444e-89ca-e408312f35ed"
       }
     })

Unknown argument `where`. Available options are marked with ?.
PrismaClientValidationError: 
Invalid `this.prisma.withWorkspace(workspaceId).brandProfile.create()` invocation in
/Users/mac/Desktop/SEO/apps/api/src/brand-profiles/brand-profiles.service.ts:26:64

  23   });
  24 }
  25 
→ 26 return this.prisma.withWorkspace(workspaceId).brandProfile.create({
       data: {
         businessName: "Audit brand",
         industry: "Software",
         targetAudience: "Engineers",
         brandVoice: "Clear",
         primaryKeywords: undefined,
         website: "https://example.com",
         workspaceId: "c21eaae9-e1e2-444e-89ca-e408312f35ed"
       },
       where: {
       ~~~~~
         workspaceId: "c21eaae9-e1e2-444e-89ca-e408312f35ed"
       }
     })

Unknown argument `where`. Available options are marked with ?.
    at wn (/Users/mac/Desktop/SEO/node_modules/@prisma/client/runtime/library.js:29:1363)
    at $n.handleRequestError (/Users/mac/Desktop/SEO/node_modules/@prisma/client/runtime/library.js:121:6958)
    at $n.handleAndLogRequestError (/Users/mac/Desktop/SEO/node_modules/@prisma/client/runtime/library.js:121:6623)
    at $n.request (/Users/mac/Desktop/SEO/node_modules/@prisma/client/runtime/library.js:121:6307)
    at async l (/Users/mac/Desktop/SEO/node_modules/@prisma/client/runtime/library.js:130:9633)
    at async /Users/mac/Desktop/SEO/node_modules/@nestjs/core/router/router-execution-context.js:46:28
    at async /Users/mac/Desktop/SEO/node_modules/@nestjs/core/router/router-proxy.js:9:17
[Nest] 36568  - 10/08/2026, 8:30:35 PM   ERROR [ExceptionsHandler] Brand profile not found
NotFoundException: Brand profile not found
    at BrandProfilesService.getProfile (/Users/mac/Desktop/SEO/apps/api/src/brand-profiles/brand-profiles.service.ts:11:25)
    at async /Users/mac/Desktop/SEO/node_modules/@nestjs/core/router/router-execution-context.js:46:28
    at async /Users/mac/Desktop/SEO/node_modules/@nestjs/core/router/router-proxy.js:9:17
[Nest] 36568  - 10/08/2026, 8:30:35 PM   ERROR [ExceptionsHandler] A source with this URL already exists: https://example.com/feed.xml
ConflictException: A source with this URL already exists: https://example.com/feed.xml
    at SourcesService.create (/Users/mac/Desktop/SEO/apps/api/src/sources/sources.service.ts:17:13)
    at async /Users/mac/Desktop/SEO/node_modules/@nestjs/core/router/router-execution-context.js:46:28
    at async /Users/mac/Desktop/SEO/node_modules/@nestjs/core/router/router-proxy.js:9:17
[Nest] 36568  - 10/08/2026, 8:30:35 PM   ERROR [ExceptionsHandler] Source not found
NotFoundException: Source not found
    at SourcesService.findOne (/Users/mac/Desktop/SEO/apps/api/src/sources/sources.service.ts:36:24)
    at async /Users/mac/Desktop/SEO/node_modules/@nestjs/core/router/router-execution-context.js:46:28
    at async /Users/mac/Desktop/SEO/node_modules/@nestjs/core/router/router-proxy.js:9:17
[Nest] 36568  - 10/08/2026, 8:30:35 PM   ERROR [ExceptionsHandler] Source not found
NotFoundException: Source not found
    at SourcesService.findOne (/Users/mac/Desktop/SEO/apps/api/src/sources/sources.service.ts:36:24)
    at async SourcesService.remove (/Users/mac/Desktop/SEO/apps/api/src/sources/sources.service.ts:57:5)
    at async /Users/mac/Desktop/SEO/node_modules/@nestjs/core/router/router-execution-context.js:46:28
    at async /Users/mac/Desktop/SEO/node_modules/@nestjs/core/router/router-proxy.js:9:17
[Nest] 36568  - 10/08/2026, 8:30:35 PM   ERROR [ExceptionsHandler] Bad Request Exception
BadRequestException: Bad Request Exception
    at ValidationPipe.exceptionFactory (/Users/mac/Desktop/SEO/apps/api/node_modules/@nestjs/common/pipes/validation.pipe.js:101:20)
    at ValidationPipe.transform (/Users/mac/Desktop/SEO/apps/api/node_modules/@nestjs/common/pipes/validation.pipe.js:74:30)
    at async /Users/mac/Desktop/SEO/node_modules/@nestjs/core/pipes/pipes-consumer.js:15:25
    at async resolveParamValue (/Users/mac/Desktop/SEO/node_modules/@nestjs/core/router/router-execution-context.js:148:23)
    at async Promise.all (index 0)
    at async pipesFn (/Users/mac/Desktop/SEO/node_modules/@nestjs/core/router/router-execution-context.js:151:13)
    at async /Users/mac/Desktop/SEO/node_modules/@nestjs/core/router/router-execution-context.js:37:30
    at async /Users/mac/Desktop/SEO/node_modules/@nestjs/core/router/router-execution-context.js:46:28
    at async /Users/mac/Desktop/SEO/node_modules/@nestjs/core/router/router-proxy.js:9:17
[Nest] 36568  - 10/08/2026, 8:30:35 PM     LOG [AiService] [Ollama] Generating structured output (ContentPack)
[Nest] 36568  - 10/08/2026, 8:30:35 PM     LOG [AiService] [Ollama] Structured generation completed in 0ms
[Nest] 36568  - 10/08/2026, 8:30:35 PM   ERROR [ExceptionsHandler] AI Generation failed
HttpException: AI Generation failed
    at ContentPacksController.generate (/Users/mac/Desktop/SEO/apps/api/src/content-packs/content-packs.controller.ts:20:13)
    at async /Users/mac/Desktop/SEO/node_modules/@nestjs/core/router/router-execution-context.js:46:28
    at async /Users/mac/Desktop/SEO/node_modules/@nestjs/core/router/router-proxy.js:9:17
[Nest] 36568  - 10/08/2026, 8:30:35 PM   ERROR [ExceptionsHandler] Only approved content can move to SCHEDULED status.
Error: Only approved content can move to SCHEDULED status.
    at ContentPacksService.update (/Users/mac/Desktop/SEO/apps/api/src/content-packs/content-packs.service.ts:122:13)
    at async /Users/mac/Desktop/SEO/node_modules/@nestjs/core/router/router-execution-context.js:46:28
    at async /Users/mac/Desktop/SEO/node_modules/@nestjs/core/router/router-proxy.js:9:17
[Nest] 36568  - 10/08/2026, 8:30:35 PM   ERROR [ExceptionsHandler] Medical content must be PROFESSIONALLY_REVIEWED before it can be APPROVED.
Error: Medical content must be PROFESSIONALLY_REVIEWED before it can be APPROVED.
    at ContentPacksService.update (/Users/mac/Desktop/SEO/apps/api/src/content-packs/content-packs.service.ts:114:15)
    at async /Users/mac/Desktop/SEO/node_modules/@nestjs/core/router/router-execution-context.js:46:28
    at async /Users/mac/Desktop/SEO/node_modules/@nestjs/core/router/router-proxy.js:9:17
[Nest] 36568  - 10/08/2026, 8:30:35 PM   ERROR [ExceptionsHandler] Content pack not found
NotFoundException: Content pack not found
    at ContentPacksService.findOne (/Users/mac/Desktop/SEO/apps/api/src/content-packs/content-packs.service.ts:100:22)
    at async /Users/mac/Desktop/SEO/node_modules/@nestjs/core/router/router-execution-context.js:46:28
    at async /Users/mac/Desktop/SEO/node_modules/@nestjs/core/router/router-proxy.js:9:17
[Nest] 36568  - 10/08/2026, 8:30:35 PM   ERROR [ExceptionsHandler] [
  {
    "code": "invalid_format",
    "format": "url",
    "path": [
      "url"
    ],
    "message": "Invalid URL"
  }
]
ZodError: [
  {
    "code": "invalid_format",
    "format": "url",
    "path": [
      "url"
    ],
    "message": "Invalid URL"
  }
]
    at SeoAuditController.createAudit (/Users/mac/Desktop/SEO/apps/api/src/seo-audit/seo-audit.controller.ts:23:36)
    at /Users/mac/Desktop/SEO/node_modules/@nestjs/core/router/router-execution-context.js:38:29
    at async /Users/mac/Desktop/SEO/node_modules/@nestjs/core/router/router-execution-context.js:46:28
    at async /Users/mac/Desktop/SEO/node_modules/@nestjs/core/router/router-proxy.js:9:17
[Nest] 36568  - 10/08/2026, 8:30:35 PM   ERROR [ExceptionsHandler] [
  {
    "expected": "string",
    "code": "invalid_type",
    "path": [
      "url"
    ],
    "message": "Invalid input: expected string, received undefined"
  },
  {
    "expected": "string",
    "code": "invalid_type",
    "path": [
      "primaryKeyword"
    ],
    "message": "Invalid input: expected string, received undefined"
  }
]
ZodError: [
  {
    "expected": "string",
    "code": "invalid_type",
    "path": [
      "url"
    ],
    "message": "Invalid input: expected string, received undefined"
  },
  {
    "expected": "string",
    "code": "invalid_type",
    "path": [
      "primaryKeyword"
    ],
    "message": "Invalid input: expected string, received undefined"
  }
]
    at SeoContentController.analyze (/Users/mac/Desktop/SEO/apps/api/src/seo-content/seo-content.controller.ts:26:42)
    at /Users/mac/Desktop/SEO/node_modules/@nestjs/core/router/router-execution-context.js:38:29
    at async /Users/mac/Desktop/SEO/node_modules/@nestjs/core/router/router-execution-context.js:46:28
    at async /Users/mac/Desktop/SEO/node_modules/@nestjs/core/router/router-proxy.js:9:17
[Nest] 36568  - 10/08/2026, 8:30:35 PM   ERROR [ExceptionsHandler] [
  {
    "expected": "string",
    "code": "invalid_type",
    "path": [
      "primaryKeyword"
    ],
    "message": "Invalid input: expected string, received undefined"
  }
]
ZodError: [
  {
    "expected": "string",
    "code": "invalid_type",
    "path": [
      "primaryKeyword"
    ],
    "message": "Invalid input: expected string, received undefined"
  }
]
    at SeoStudioController.createBrief (/Users/mac/Desktop/SEO/apps/api/src/seo-studio/seo-studio.controller.ts:27:41)
    at /Users/mac/Desktop/SEO/node_modules/@nestjs/core/router/router-execution-context.js:38:29
    at async /Users/mac/Desktop/SEO/node_modules/@nestjs/core/router/router-execution-context.js:46:28
    at async /Users/mac/Desktop/SEO/node_modules/@nestjs/core/router/router-proxy.js:9:17
[Nest] 36568  - 10/08/2026, 8:30:35 PM   ERROR [ExceptionsHandler] AI Chat failed
HttpException: AI Chat failed
    at AiAgentController.chat (/Users/mac/Desktop/SEO/apps/api/src/ai-agent/ai-agent.controller.ts:20:13)
[Nest] 36568  - 10/08/2026, 8:30:35 PM     LOG [AiService] [Ollama] Chat with 9 tools
[Nest] 36568  - 10/08/2026, 8:30:35 PM     LOG [AiService] [Ollama] Chat completed in 0ms
[Nest] 36568  - 10/08/2026, 8:30:35 PM   ERROR [ExceptionsHandler] Invalid n8n webhook secret
UnauthorizedException: Invalid n8n webhook secret
    at WebhooksController.handleN8nWebhook (/Users/mac/Desktop/SEO/apps/api/src/webhooks/webhooks.controller.ts:13:13)
    at /Users/mac/Desktop/SEO/node_modules/@nestjs/core/router/router-execution-context.js:38:29
    at processTicksAndRejections (node:internal/process/task_queues:104:5)
    at async /Users/mac/Desktop/SEO/node_modules/@nestjs/core/router/router-execution-context.js:46:28
    at async /Users/mac/Desktop/SEO/node_modules/@nestjs/core/router/router-proxy.js:9:17
[Nest] 36568  - 10/08/2026, 8:30:35 PM   ERROR [ExceptionsHandler] Invalid webhook signature.
UnauthorizedException: Invalid webhook signature.
    at WebhookGuard.canActivate (/Users/mac/Desktop/SEO/apps/api/src/automations/webhook.guard.ts:17:13)
    at GuardsConsumer.tryActivate (/Users/mac/Desktop/SEO/node_modules/@nestjs/core/guards/guards-consumer.js:15:34)
    at canActivateFn (/Users/mac/Desktop/SEO/node_modules/@nestjs/core/router/router-execution-context.js:135:59)
    at /Users/mac/Desktop/SEO/node_modules/@nestjs/core/router/router-execution-context.js:42:37
    at /Users/mac/Desktop/SEO/node_modules/@nestjs/core/router/router-proxy.js:9:23
    at Layer.handle [as handle_request] (/Users/mac/Desktop/SEO/node_modules/express/lib/router/layer.js:95:5)
    at next (/Users/mac/Desktop/SEO/node_modules/express/lib/router/route.js:149:13)
    at Route.dispatch (/Users/mac/Desktop/SEO/node_modules/express/lib/router/route.js:119:3)
    at Layer.handle [as handle_request] (/Users/mac/Desktop/SEO/node_modules/express/lib/router/layer.js:95:5)
    at /Users/mac/Desktop/SEO/node_modules/express/lib/router/index.js:284:15
[Nest] 36568  - 10/08/2026, 8:30:35 PM   ERROR [ExceptionsHandler] Missing upstash-signature header
UnauthorizedException: Missing upstash-signature header
    at QStashGuard.canActivate (/Users/mac/Desktop/SEO/apps/api/src/queues/qstash.guard.ts:11:13)
    at GuardsConsumer.tryActivate (/Users/mac/Desktop/SEO/node_modules/@nestjs/core/guards/guards-consumer.js:15:34)
    at canActivateFn (/Users/mac/Desktop/SEO/node_modules/@nestjs/core/router/router-execution-context.js:135:59)
    at /Users/mac/Desktop/SEO/node_modules/@nestjs/core/router/router-execution-context.js:42:37
    at /Users/mac/Desktop/SEO/node_modules/@nestjs/core/router/router-proxy.js:9:23
    at Layer.handle [as handle_request] (/Users/mac/Desktop/SEO/node_modules/express/lib/router/layer.js:95:5)
    at next (/Users/mac/Desktop/SEO/node_modules/express/lib/router/route.js:149:13)
    at Route.dispatch (/Users/mac/Desktop/SEO/node_modules/express/lib/router/route.js:119:3)
    at Layer.handle [as handle_request] (/Users/mac/Desktop/SEO/node_modules/express/lib/router/layer.js:95:5)
    at /Users/mac/Desktop/SEO/node_modules/express/lib/router/index.js:284:15
[Nest] 36568  - 10/08/2026, 8:30:35 PM   ERROR [ExceptionsHandler] Missing upstash-signature header
UnauthorizedException: Missing upstash-signature header
    at QStashGuard.canActivate (/Users/mac/Desktop/SEO/apps/api/src/queues/qstash.guard.ts:11:13)
    at GuardsConsumer.tryActivate (/Users/mac/Desktop/SEO/node_modules/@nestjs/core/guards/guards-consumer.js:15:34)
    at canActivateFn (/Users/mac/Desktop/SEO/node_modules/@nestjs/core/router/router-execution-context.js:135:59)
    at /Users/mac/Desktop/SEO/node_modules/@nestjs/core/router/router-execution-context.js:42:37
    at /Users/mac/Desktop/SEO/node_modules/@nestjs/core/router/router-proxy.js:9:23
    at Layer.handle [as handle_request] (/Users/mac/Desktop/SEO/node_modules/express/lib/router/layer.js:95:5)
    at next (/Users/mac/Desktop/SEO/node_modules/express/lib/router/route.js:149:13)
    at Route.dispatch (/Users/mac/Desktop/SEO/node_modules/express/lib/router/route.js:119:3)
    at Layer.handle [as handle_request] (/Users/mac/Desktop/SEO/node_modules/express/lib/router/layer.js:95:5)
    at /Users/mac/Desktop/SEO/node_modules/express/lib/router/index.js:284:15
[Nest] 36568  - 10/08/2026, 8:30:35 PM   ERROR [ExceptionsHandler] Missing upstash-signature header
UnauthorizedException: Missing upstash-signature header
    at QStashGuard.canActivate (/Users/mac/Desktop/SEO/apps/api/src/queues/qstash.guard.ts:11:13)
    at GuardsConsumer.tryActivate (/Users/mac/Desktop/SEO/node_modules/@nestjs/core/guards/guards-consumer.js:15:34)
    at canActivateFn (/Users/mac/Desktop/SEO/node_modules/@nestjs/core/router/router-execution-context.js:135:59)
    at /Users/mac/Desktop/SEO/node_modules/@nestjs/core/router/router-execution-context.js:42:37
    at /Users/mac/Desktop/SEO/node_modules/@nestjs/core/router/router-proxy.js:9:23
    at Layer.handle [as handle_request] (/Users/mac/Desktop/SEO/node_modules/express/lib/router/layer.js:95:5)
    at next (/Users/mac/Desktop/SEO/node_modules/express/lib/router/route.js:149:13)
    at Route.dispatch (/Users/mac/Desktop/SEO/node_modules/express/lib/router/route.js:119:3)
    at Layer.handle [as handle_request] (/Users/mac/Desktop/SEO/node_modules/express/lib/router/layer.js:95:5)
    at /Users/mac/Desktop/SEO/node_modules/express/lib/router/index.js:284:15
[Nest] 36568  - 10/08/2026, 8:30:35 PM   ERROR [ExceptionsHandler] Missing upstash-signature header
UnauthorizedException: Missing upstash-signature header
    at QStashGuard.canActivate (/Users/mac/Desktop/SEO/apps/api/src/queues/qstash.guard.ts:11:13)
    at GuardsConsumer.tryActivate (/Users/mac/Desktop/SEO/node_modules/@nestjs/core/guards/guards-consumer.js:15:34)
    at canActivateFn (/Users/mac/Desktop/SEO/node_modules/@nestjs/core/router/router-execution-context.js:135:59)
    at /Users/mac/Desktop/SEO/node_modules/@nestjs/core/router/router-execution-context.js:42:37
    at /Users/mac/Desktop/SEO/node_modules/@nestjs/core/router/router-proxy.js:9:23
    at Layer.handle [as handle_request] (/Users/mac/Desktop/SEO/node_modules/express/lib/router/layer.js:95:5)
    at next (/Users/mac/Desktop/SEO/node_modules/express/lib/router/route.js:149:13)
    at Route.dispatch (/Users/mac/Desktop/SEO/node_modules/express/lib/router/route.js:119:3)
    at Layer.handle [as handle_request] (/Users/mac/Desktop/SEO/node_modules/express/lib/router/layer.js:95:5)
    at /Users/mac/Desktop/SEO/node_modules/express/lib/router/index.js:284:15
[Nest] 36568  - 10/08/2026, 8:30:35 PM   ERROR [ExceptionsHandler] Missing upstash-signature header
UnauthorizedException: Missing upstash-signature header
    at QStashGuard.canActivate (/Users/mac/Desktop/SEO/apps/api/src/queues/qstash.guard.ts:11:13)
    at GuardsConsumer.tryActivate (/Users/mac/Desktop/SEO/node_modules/@nestjs/core/guards/guards-consumer.js:15:34)
    at canActivateFn (/Users/mac/Desktop/SEO/node_modules/@nestjs/core/router/router-execution-context.js:135:59)
    at /Users/mac/Desktop/SEO/node_modules/@nestjs/core/router/router-execution-context.js:42:37
    at /Users/mac/Desktop/SEO/node_modules/@nestjs/core/router/router-proxy.js:9:23
    at Layer.handle [as handle_request] (/Users/mac/Desktop/SEO/node_modules/express/lib/router/layer.js:95:5)
    at next (/Users/mac/Desktop/SEO/node_modules/express/lib/router/route.js:149:13)
    at Route.dispatch (/Users/mac/Desktop/SEO/node_modules/express/lib/router/route.js:119:3)
    at Layer.handle [as handle_request] (/Users/mac/Desktop/SEO/node_modules/express/lib/router/layer.js:95:5)
    at /Users/mac/Desktop/SEO/node_modules/express/lib/router/index.js:284:15
[Nest] 36568  - 10/08/2026, 8:30:35 PM   ERROR [ExceptionsHandler] Missing upstash-signature header
UnauthorizedException: Missing upstash-signature header
    at QStashGuard.canActivate (/Users/mac/Desktop/SEO/apps/api/src/queues/qstash.guard.ts:11:13)
    at GuardsConsumer.tryActivate (/Users/mac/Desktop/SEO/node_modules/@nestjs/core/guards/guards-consumer.js:15:34)
    at canActivateFn (/Users/mac/Desktop/SEO/node_modules/@nestjs/core/router/router-execution-context.js:135:59)
    at /Users/mac/Desktop/SEO/node_modules/@nestjs/core/router/router-execution-context.js:42:37
    at /Users/mac/Desktop/SEO/node_modules/@nestjs/core/router/router-proxy.js:9:23
    at Layer.handle [as handle_request] (/Users/mac/Desktop/SEO/node_modules/express/lib/router/layer.js:95:5)
    at next (/Users/mac/Desktop/SEO/node_modules/express/lib/router/route.js:149:13)
    at Route.dispatch (/Users/mac/Desktop/SEO/node_modules/express/lib/router/route.js:119:3)
    at Layer.handle [as handle_request] (/Users/mac/Desktop/SEO/node_modules/express/lib/router/layer.js:95:5)
    at /Users/mac/Desktop/SEO/node_modules/express/lib/router/index.js:284:15
[Nest] 36568  - 10/08/2026, 8:30:35 PM   ERROR [AutomationsService] Automation failed: Not connected
Error: Not connected
    at GscService.sync (/Users/mac/Desktop/SEO/apps/api/src/gsc/gsc.service.ts:157:56)
    at async AutomationsService.executeLogic (/Users/mac/Desktop/SEO/apps/api/src/automations/automations.service.ts:123:11)
    at async /Users/mac/Desktop/SEO/node_modules/@nestjs/core/router/router-execution-context.js:46:28
    at async /Users/mac/Desktop/SEO/node_modules/@nestjs/core/router/router-proxy.js:9:17
[Nest] 36568  - 10/08/2026, 8:31:51 PM   ERROR [ExceptionsHandler] Unauthorized
UnauthorizedException: Unauthorized
    at JwtAuthGuard.handleRequest (/Users/mac/Desktop/SEO/apps/api/node_modules/@nestjs/passport/dist/auth.guard.js:60:30)
    at /Users/mac/Desktop/SEO/apps/api/node_modules/@nestjs/passport/dist/auth.guard.js:44:124
    at /Users/mac/Desktop/SEO/apps/api/node_modules/@nestjs/passport/dist/auth.guard.js:83:24
    at allFailed (/Users/mac/Desktop/SEO/node_modules/passport/lib/middleware/authenticate.js:110:18)
    at attempt (/Users/mac/Desktop/SEO/node_modules/passport/lib/middleware/authenticate.js:183:28)
    at JwtStrategy.strategy.fail (/Users/mac/Desktop/SEO/node_modules/passport/lib/middleware/authenticate.js:314:9)
    at JwtStrategy.authenticate (/Users/mac/Desktop/SEO/node_modules/passport-jwt/lib/strategy.js:96:21)
    at attempt (/Users/mac/Desktop/SEO/node_modules/passport/lib/middleware/authenticate.js:378:16)
    at authenticate (/Users/mac/Desktop/SEO/node_modules/passport/lib/middleware/authenticate.js:379:7)
    at /Users/mac/Desktop/SEO/apps/api/node_modules/@nestjs/passport/dist/auth.guard.js:88:3
[Nest] 36568  - 10/08/2026, 8:31:51 PM   ERROR [ExceptionsHandler] Unauthorized
UnauthorizedException: Unauthorized
    at JwtAuthGuard.handleRequest (/Users/mac/Desktop/SEO/apps/api/node_modules/@nestjs/passport/dist/auth.guard.js:60:30)
    at /Users/mac/Desktop/SEO/apps/api/node_modules/@nestjs/passport/dist/auth.guard.js:44:124
    at /Users/mac/Desktop/SEO/apps/api/node_modules/@nestjs/passport/dist/auth.guard.js:83:24
    at allFailed (/Users/mac/Desktop/SEO/node_modules/passport/lib/middleware/authenticate.js:110:18)
    at attempt (/Users/mac/Desktop/SEO/node_modules/passport/lib/middleware/authenticate.js:183:28)
    at JwtStrategy.strategy.fail (/Users/mac/Desktop/SEO/node_modules/passport/lib/middleware/authenticate.js:314:9)
    at JwtStrategy.authenticate (/Users/mac/Desktop/SEO/node_modules/passport-jwt/lib/strategy.js:96:21)
    at attempt (/Users/mac/Desktop/SEO/node_modules/passport/lib/middleware/authenticate.js:378:16)
    at authenticate (/Users/mac/Desktop/SEO/node_modules/passport/lib/middleware/authenticate.js:379:7)
    at /Users/mac/Desktop/SEO/apps/api/node_modules/@nestjs/passport/dist/auth.guard.js:88:3
[Nest] 36568  - 10/08/2026, 8:34:07 PM   ERROR [ExceptionsHandler] Unauthorized
UnauthorizedException: Unauthorized
    at JwtAuthGuard.handleRequest (/Users/mac/Desktop/SEO/apps/api/node_modules/@nestjs/passport/dist/auth.guard.js:60:30)
    at /Users/mac/Desktop/SEO/apps/api/node_modules/@nestjs/passport/dist/auth.guard.js:44:124
    at /Users/mac/Desktop/SEO/apps/api/node_modules/@nestjs/passport/dist/auth.guard.js:83:24
    at allFailed (/Users/mac/Desktop/SEO/node_modules/passport/lib/middleware/authenticate.js:110:18)
    at attempt (/Users/mac/Desktop/SEO/node_modules/passport/lib/middleware/authenticate.js:183:28)
    at JwtStrategy.strategy.fail (/Users/mac/Desktop/SEO/node_modules/passport/lib/middleware/authenticate.js:314:9)
    at JwtStrategy.authenticate (/Users/mac/Desktop/SEO/node_modules/passport-jwt/lib/strategy.js:96:21)
    at attempt (/Users/mac/Desktop/SEO/node_modules/passport/lib/middleware/authenticate.js:378:16)
    at authenticate (/Users/mac/Desktop/SEO/node_modules/passport/lib/middleware/authenticate.js:379:7)
    at /Users/mac/Desktop/SEO/apps/api/node_modules/@nestjs/passport/dist/auth.guard.js:88:3
[Nest] 36568  - 10/08/2026, 8:34:07 PM   ERROR [ExceptionsHandler] Unauthorized
UnauthorizedException: Unauthorized
    at JwtAuthGuard.handleRequest (/Users/mac/Desktop/SEO/apps/api/node_modules/@nestjs/passport/dist/auth.guard.js:60:30)
    at /Users/mac/Desktop/SEO/apps/api/node_modules/@nestjs/passport/dist/auth.guard.js:44:124
    at /Users/mac/Desktop/SEO/apps/api/node_modules/@nestjs/passport/dist/auth.guard.js:83:24
    at allFailed (/Users/mac/Desktop/SEO/node_modules/passport/lib/middleware/authenticate.js:110:18)
    at attempt (/Users/mac/Desktop/SEO/node_modules/passport/lib/middleware/authenticate.js:183:28)
    at JwtStrategy.strategy.fail (/Users/mac/Desktop/SEO/node_modules/passport/lib/middleware/authenticate.js:314:9)
    at JwtStrategy.authenticate (/Users/mac/Desktop/SEO/node_modules/passport-jwt/lib/strategy.js:96:21)
    at attempt (/Users/mac/Desktop/SEO/node_modules/passport/lib/middleware/authenticate.js:378:16)
    at authenticate (/Users/mac/Desktop/SEO/node_modules/passport/lib/middleware/authenticate.js:379:7)
    at /Users/mac/Desktop/SEO/apps/api/node_modules/@nestjs/passport/dist/auth.guard.js:88:3
[Nest] 36568  - 10/08/2026, 8:34:32 PM   ERROR [ExceptionsHandler] Unauthorized
UnauthorizedException: Unauthorized
    at JwtAuthGuard.handleRequest (/Users/mac/Desktop/SEO/apps/api/node_modules/@nestjs/passport/dist/auth.guard.js:60:30)
    at /Users/mac/Desktop/SEO/apps/api/node_modules/@nestjs/passport/dist/auth.guard.js:44:124
    at /Users/mac/Desktop/SEO/apps/api/node_modules/@nestjs/passport/dist/auth.guard.js:83:24
    at allFailed (/Users/mac/Desktop/SEO/node_modules/passport/lib/middleware/authenticate.js:110:18)
    at attempt (/Users/mac/Desktop/SEO/node_modules/passport/lib/middleware/authenticate.js:183:28)
    at JwtStrategy.strategy.fail (/Users/mac/Desktop/SEO/node_modules/passport/lib/middleware/authenticate.js:314:9)
    at JwtStrategy.authenticate (/Users/mac/Desktop/SEO/node_modules/passport-jwt/lib/strategy.js:96:21)
    at attempt (/Users/mac/Desktop/SEO/node_modules/passport/lib/middleware/authenticate.js:378:16)
    at authenticate (/Users/mac/Desktop/SEO/node_modules/passport/lib/middleware/authenticate.js:379:7)
    at /Users/mac/Desktop/SEO/apps/api/node_modules/@nestjs/passport/dist/auth.guard.js:88:3
[Nest] 36568  - 10/08/2026, 8:34:32 PM   ERROR [ExceptionsHandler] Unauthorized
UnauthorizedException: Unauthorized
    at JwtAuthGuard.handleRequest (/Users/mac/Desktop/SEO/apps/api/node_modules/@nestjs/passport/dist/auth.guard.js:60:30)
    at /Users/mac/Desktop/SEO/apps/api/node_modules/@nestjs/passport/dist/auth.guard.js:44:124
    at /Users/mac/Desktop/SEO/apps/api/node_modules/@nestjs/passport/dist/auth.guard.js:83:24
    at allFailed (/Users/mac/Desktop/SEO/node_modules/passport/lib/middleware/authenticate.js:110:18)
    at attempt (/Users/mac/Desktop/SEO/node_modules/passport/lib/middleware/authenticate.js:183:28)
    at JwtStrategy.strategy.fail (/Users/mac/Desktop/SEO/node_modules/passport/lib/middleware/authenticate.js:314:9)
    at JwtStrategy.authenticate (/Users/mac/Desktop/SEO/node_modules/passport-jwt/lib/strategy.js:96:21)
    at attempt (/Users/mac/Desktop/SEO/node_modules/passport/lib/middleware/authenticate.js:378:16)
    at authenticate (/Users/mac/Desktop/SEO/node_modules/passport/lib/middleware/authenticate.js:379:7)
    at /Users/mac/Desktop/SEO/apps/api/node_modules/@nestjs/passport/dist/auth.guard.js:88:3
[Nest] 36568  - 10/08/2026, 8:34:58 PM   ERROR [ExceptionsHandler] 
Invalid `any).workspaceMember.findUnique()` invocation in
/Users/mac/Desktop/SEO/apps/api/src/auth/workspace.guard.ts:19:67

  16   throw new ForbiddenException('User or workspace not identified');
  17 }
  18 
→ 19 const membership = await (this.prisma as any).workspaceMember.findUnique(
Inconsistent column data: Error creating UUID, invalid character: expected an optional prefix of `urn:uuid:` followed by [0-9a-fA-F-], found `$` at 1
PrismaClientKnownRequestError: 
Invalid `any).workspaceMember.findUnique()` invocation in
/Users/mac/Desktop/SEO/apps/api/src/auth/workspace.guard.ts:19:67

  16   throw new ForbiddenException('User or workspace not identified');
  17 }
  18 
→ 19 const membership = await (this.prisma as any).workspaceMember.findUnique(
Inconsistent column data: Error creating UUID, invalid character: expected an optional prefix of `urn:uuid:` followed by [0-9a-fA-F-], found `$` at 1
    at $n.handleRequestError (/Users/mac/Desktop/SEO/node_modules/@prisma/client/runtime/library.js:121:7315)
    at $n.handleAndLogRequestError (/Users/mac/Desktop/SEO/node_modules/@prisma/client/runtime/library.js:121:6623)
    at $n.request (/Users/mac/Desktop/SEO/node_modules/@prisma/client/runtime/library.js:121:6307)
    at async l (/Users/mac/Desktop/SEO/node_modules/@prisma/client/runtime/library.js:130:9633)
    at async WorkspaceGuard.canActivate (/Users/mac/Desktop/SEO/apps/api/src/auth/workspace.guard.ts:19:24)
    at async GuardsConsumer.tryActivate (/Users/mac/Desktop/SEO/node_modules/@nestjs/core/guards/guards-consumer.js:16:17)
    at async canActivateFn (/Users/mac/Desktop/SEO/node_modules/@nestjs/core/router/router-execution-context.js:135:33)
    at async /Users/mac/Desktop/SEO/node_modules/@nestjs/core/router/router-execution-context.js:42:31
    at async /Users/mac/Desktop/SEO/node_modules/@nestjs/core/router/router-proxy.js:9:17
[Nest] 36568  - 10/08/2026, 8:34:58 PM   ERROR [ExceptionsHandler] 
Invalid `any).workspaceMember.findUnique()` invocation in
/Users/mac/Desktop/SEO/apps/api/src/auth/workspace.guard.ts:19:67

  16   throw new ForbiddenException('User or workspace not identified');
  17 }
  18 
→ 19 const membership = await (this.prisma as any).workspaceMember.findUnique(
Inconsistent column data: Error creating UUID, invalid character: expected an optional prefix of `urn:uuid:` followed by [0-9a-fA-F-], found `$` at 1
PrismaClientKnownRequestError: 
Invalid `any).workspaceMember.findUnique()` invocation in
/Users/mac/Desktop/SEO/apps/api/src/auth/workspace.guard.ts:19:67

  16   throw new ForbiddenException('User or workspace not identified');
  17 }
  18 
→ 19 const membership = await (this.prisma as any).workspaceMember.findUnique(
Inconsistent column data: Error creating UUID, invalid character: expected an optional prefix of `urn:uuid:` followed by [0-9a-fA-F-], found `$` at 1
    at $n.handleRequestError (/Users/mac/Desktop/SEO/node_modules/@prisma/client/runtime/library.js:121:7315)
    at $n.handleAndLogRequestError (/Users/mac/Desktop/SEO/node_modules/@prisma/client/runtime/library.js:121:6623)
    at $n.request (/Users/mac/Desktop/SEO/node_modules/@prisma/client/runtime/library.js:121:6307)
    at async l (/Users/mac/Desktop/SEO/node_modules/@prisma/client/runtime/library.js:130:9633)
    at async WorkspaceGuard.canActivate (/Users/mac/Desktop/SEO/apps/api/src/auth/workspace.guard.ts:19:24)
    at async GuardsConsumer.tryActivate (/Users/mac/Desktop/SEO/node_modules/@nestjs/core/guards/guards-consumer.js:16:17)
    at async canActivateFn (/Users/mac/Desktop/SEO/node_modules/@nestjs/core/router/router-execution-context.js:135:33)
    at async /Users/mac/Desktop/SEO/node_modules/@nestjs/core/router/router-execution-context.js:42:31
    at async /Users/mac/Desktop/SEO/node_modules/@nestjs/core/router/router-proxy.js:9:17
[Nest] 36568  - 10/08/2026, 8:35:01 PM   ERROR [ExceptionsHandler] 
Invalid `any).workspaceMember.findUnique()` invocation in
/Users/mac/Desktop/SEO/apps/api/src/auth/workspace.guard.ts:19:67

  16   throw new ForbiddenException('User or workspace not identified');
  17 }
  18 
→ 19 const membership = await (this.prisma as any).workspaceMember.findUnique(
Inconsistent column data: Error creating UUID, invalid character: expected an optional prefix of `urn:uuid:` followed by [0-9a-fA-F-], found `$` at 1
PrismaClientKnownRequestError: 
Invalid `any).workspaceMember.findUnique()` invocation in
/Users/mac/Desktop/SEO/apps/api/src/auth/workspace.guard.ts:19:67

  16   throw new ForbiddenException('User or workspace not identified');
  17 }
  18 
→ 19 const membership = await (this.prisma as any).workspaceMember.findUnique(
Inconsistent column data: Error creating UUID, invalid character: expected an optional prefix of `urn:uuid:` followed by [0-9a-fA-F-], found `$` at 1
    at $n.handleRequestError (/Users/mac/Desktop/SEO/node_modules/@prisma/client/runtime/library.js:121:7315)
    at $n.handleAndLogRequestError (/Users/mac/Desktop/SEO/node_modules/@prisma/client/runtime/library.js:121:6623)
    at $n.request (/Users/mac/Desktop/SEO/node_modules/@prisma/client/runtime/library.js:121:6307)
    at async l (/Users/mac/Desktop/SEO/node_modules/@prisma/client/runtime/library.js:130:9633)
    at async WorkspaceGuard.canActivate (/Users/mac/Desktop/SEO/apps/api/src/auth/workspace.guard.ts:19:24)
    at async GuardsConsumer.tryActivate (/Users/mac/Desktop/SEO/node_modules/@nestjs/core/guards/guards-consumer.js:16:17)
    at async canActivateFn (/Users/mac/Desktop/SEO/node_modules/@nestjs/core/router/router-execution-context.js:135:33)
    at async /Users/mac/Desktop/SEO/node_modules/@nestjs/core/router/router-execution-context.js:42:31
    at async /Users/mac/Desktop/SEO/node_modules/@nestjs/core/router/router-proxy.js:9:17
[Nest] 36568  - 10/08/2026, 8:35:01 PM   ERROR [ExceptionsHandler] 
Invalid `any).workspaceMember.findUnique()` invocation in
/Users/mac/Desktop/SEO/apps/api/src/auth/workspace.guard.ts:19:67

  16   throw new ForbiddenException('User or workspace not identified');
  17 }
  18 
→ 19 const membership = await (this.prisma as any).workspaceMember.findUnique(
Inconsistent column data: Error creating UUID, invalid character: expected an optional prefix of `urn:uuid:` followed by [0-9a-fA-F-], found `$` at 1
PrismaClientKnownRequestError: 
Invalid `any).workspaceMember.findUnique()` invocation in
/Users/mac/Desktop/SEO/apps/api/src/auth/workspace.guard.ts:19:67

  16   throw new ForbiddenException('User or workspace not identified');
  17 }
  18 
→ 19 const membership = await (this.prisma as any).workspaceMember.findUnique(
Inconsistent column data: Error creating UUID, invalid character: expected an optional prefix of `urn:uuid:` followed by [0-9a-fA-F-], found `$` at 1
    at $n.handleRequestError (/Users/mac/Desktop/SEO/node_modules/@prisma/client/runtime/library.js:121:7315)
    at $n.handleAndLogRequestError (/Users/mac/Desktop/SEO/node_modules/@prisma/client/runtime/library.js:121:6623)
    at $n.request (/Users/mac/Desktop/SEO/node_modules/@prisma/client/runtime/library.js:121:6307)
    at async l (/Users/mac/Desktop/SEO/node_modules/@prisma/client/runtime/library.js:130:9633)
    at async WorkspaceGuard.canActivate (/Users/mac/Desktop/SEO/apps/api/src/auth/workspace.guard.ts:19:24)
    at async GuardsConsumer.tryActivate (/Users/mac/Desktop/SEO/node_modules/@nestjs/core/guards/guards-consumer.js:16:17)
    at async canActivateFn (/Users/mac/Desktop/SEO/node_modules/@nestjs/core/router/router-execution-context.js:135:33)
    at async /Users/mac/Desktop/SEO/node_modules/@nestjs/core/router/router-execution-context.js:42:31
    at async /Users/mac/Desktop/SEO/node_modules/@nestjs/core/router/router-proxy.js:9:17
[Nest] 36568  - 10/08/2026, 8:35:22 PM   ERROR [ExceptionsHandler] 
Invalid `any).workspaceMember.findUnique()` invocation in
/Users/mac/Desktop/SEO/apps/api/src/auth/workspace.guard.ts:19:67

  16   throw new ForbiddenException('User or workspace not identified');
  17 }
  18 
→ 19 const membership = await (this.prisma as any).workspaceMember.findUnique(
Inconsistent column data: Error creating UUID, invalid character: expected an optional prefix of `urn:uuid:` followed by [0-9a-fA-F-], found `$` at 1
PrismaClientKnownRequestError: 
Invalid `any).workspaceMember.findUnique()` invocation in
/Users/mac/Desktop/SEO/apps/api/src/auth/workspace.guard.ts:19:67

  16   throw new ForbiddenException('User or workspace not identified');
  17 }
  18 
→ 19 const membership = await (this.prisma as any).workspaceMember.findUnique(
Inconsistent column data: Error creating UUID, invalid character: expected an optional prefix of `urn:uuid:` followed by [0-9a-fA-F-], found `$` at 1
    at $n.handleRequestError (/Users/mac/Desktop/SEO/node_modules/@prisma/client/runtime/library.js:121:7315)
    at $n.handleAndLogRequestError (/Users/mac/Desktop/SEO/node_modules/@prisma/client/runtime/library.js:121:6623)
    at $n.request (/Users/mac/Desktop/SEO/node_modules/@prisma/client/runtime/library.js:121:6307)
    at async l (/Users/mac/Desktop/SEO/node_modules/@prisma/client/runtime/library.js:130:9633)
    at async WorkspaceGuard.canActivate (/Users/mac/Desktop/SEO/apps/api/src/auth/workspace.guard.ts:19:24)
    at async GuardsConsumer.tryActivate (/Users/mac/Desktop/SEO/node_modules/@nestjs/core/guards/guards-consumer.js:16:17)
    at async canActivateFn (/Users/mac/Desktop/SEO/node_modules/@nestjs/core/router/router-execution-context.js:135:33)
    at async /Users/mac/Desktop/SEO/node_modules/@nestjs/core/router/router-execution-context.js:42:31
    at async /Users/mac/Desktop/SEO/node_modules/@nestjs/core/router/router-proxy.js:9:17
[Nest] 36568  - 10/08/2026, 8:35:22 PM   ERROR [ExceptionsHandler] 
Invalid `any).workspaceMember.findUnique()` invocation in
/Users/mac/Desktop/SEO/apps/api/src/auth/workspace.guard.ts:19:67

  16   throw new ForbiddenException('User or workspace not identified');
  17 }
  18 
→ 19 const membership = await (this.prisma as any).workspaceMember.findUnique(
Inconsistent column data: Error creating UUID, invalid character: expected an optional prefix of `urn:uuid:` followed by [0-9a-fA-F-], found `$` at 1
PrismaClientKnownRequestError: 
Invalid `any).workspaceMember.findUnique()` invocation in
/Users/mac/Desktop/SEO/apps/api/src/auth/workspace.guard.ts:19:67

  16   throw new ForbiddenException('User or workspace not identified');
  17 }
  18 
→ 19 const membership = await (this.prisma as any).workspaceMember.findUnique(
Inconsistent column data: Error creating UUID, invalid character: expected an optional prefix of `urn:uuid:` followed by [0-9a-fA-F-], found `$` at 1
    at $n.handleRequestError (/Users/mac/Desktop/SEO/node_modules/@prisma/client/runtime/library.js:121:7315)
    at $n.handleAndLogRequestError (/Users/mac/Desktop/SEO/node_modules/@prisma/client/runtime/library.js:121:6623)
    at $n.request (/Users/mac/Desktop/SEO/node_modules/@prisma/client/runtime/library.js:121:6307)
    at async l (/Users/mac/Desktop/SEO/node_modules/@prisma/client/runtime/library.js:130:9633)
    at async WorkspaceGuard.canActivate (/Users/mac/Desktop/SEO/apps/api/src/auth/workspace.guard.ts:19:24)
    at async GuardsConsumer.tryActivate (/Users/mac/Desktop/SEO/node_modules/@nestjs/core/guards/guards-consumer.js:16:17)
    at async canActivateFn (/Users/mac/Desktop/SEO/node_modules/@nestjs/core/router/router-execution-context.js:135:33)
    at async /Users/mac/Desktop/SEO/node_modules/@nestjs/core/router/router-execution-context.js:42:31
    at async /Users/mac/Desktop/SEO/node_modules/@nestjs/core/router/router-proxy.js:9:17
[Nest] 36568  - 10/08/2026, 8:35:24 PM   ERROR [ExceptionsHandler] 
Invalid `any).workspaceMember.findUnique()` invocation in
/Users/mac/Desktop/SEO/apps/api/src/auth/workspace.guard.ts:19:67

  16   throw new ForbiddenException('User or workspace not identified');
  17 }
  18 
→ 19 const membership = await (this.prisma as any).workspaceMember.findUnique(
Inconsistent column data: Error creating UUID, invalid character: expected an optional prefix of `urn:uuid:` followed by [0-9a-fA-F-], found `$` at 1
PrismaClientKnownRequestError: 
Invalid `any).workspaceMember.findUnique()` invocation in
/Users/mac/Desktop/SEO/apps/api/src/auth/workspace.guard.ts:19:67

  16   throw new ForbiddenException('User or workspace not identified');
  17 }
  18 
→ 19 const membership = await (this.prisma as any).workspaceMember.findUnique(
Inconsistent column data: Error creating UUID, invalid character: expected an optional prefix of `urn:uuid:` followed by [0-9a-fA-F-], found `$` at 1
    at $n.handleRequestError (/Users/mac/Desktop/SEO/node_modules/@prisma/client/runtime/library.js:121:7315)
    at $n.handleAndLogRequestError (/Users/mac/Desktop/SEO/node_modules/@prisma/client/runtime/library.js:121:6623)
    at $n.request (/Users/mac/Desktop/SEO/node_modules/@prisma/client/runtime/library.js:121:6307)
    at async l (/Users/mac/Desktop/SEO/node_modules/@prisma/client/runtime/library.js:130:9633)
    at async WorkspaceGuard.canActivate (/Users/mac/Desktop/SEO/apps/api/src/auth/workspace.guard.ts:19:24)
    at async GuardsConsumer.tryActivate (/Users/mac/Desktop/SEO/node_modules/@nestjs/core/guards/guards-consumer.js:16:17)
    at async canActivateFn (/Users/mac/Desktop/SEO/node_modules/@nestjs/core/router/router-execution-context.js:135:33)
    at async /Users/mac/Desktop/SEO/node_modules/@nestjs/core/router/router-execution-context.js:42:31
    at async /Users/mac/Desktop/SEO/node_modules/@nestjs/core/router/router-proxy.js:9:17
[Nest] 36568  - 10/08/2026, 8:35:24 PM   ERROR [ExceptionsHandler] 
Invalid `any).workspaceMember.findUnique()` invocation in
/Users/mac/Desktop/SEO/apps/api/src/auth/workspace.guard.ts:19:67

  16   throw new ForbiddenException('User or workspace not identified');
  17 }
  18 
→ 19 const membership = await (this.prisma as any).workspaceMember.findUnique(
Inconsistent column data: Error creating UUID, invalid character: expected an optional prefix of `urn:uuid:` followed by [0-9a-fA-F-], found `$` at 1
PrismaClientKnownRequestError: 
Invalid `any).workspaceMember.findUnique()` invocation in
/Users/mac/Desktop/SEO/apps/api/src/auth/workspace.guard.ts:19:67

  16   throw new ForbiddenException('User or workspace not identified');
  17 }
  18 
→ 19 const membership = await (this.prisma as any).workspaceMember.findUnique(
Inconsistent column data: Error creating UUID, invalid character: expected an optional prefix of `urn:uuid:` followed by [0-9a-fA-F-], found `$` at 1
    at $n.handleRequestError (/Users/mac/Desktop/SEO/node_modules/@prisma/client/runtime/library.js:121:7315)
    at $n.handleAndLogRequestError (/Users/mac/Desktop/SEO/node_modules/@prisma/client/runtime/library.js:121:6623)
    at $n.request (/Users/mac/Desktop/SEO/node_modules/@prisma/client/runtime/library.js:121:6307)
    at async l (/Users/mac/Desktop/SEO/node_modules/@prisma/client/runtime/library.js:130:9633)
    at async WorkspaceGuard.canActivate (/Users/mac/Desktop/SEO/apps/api/src/auth/workspace.guard.ts:19:24)
    at async GuardsConsumer.tryActivate (/Users/mac/Desktop/SEO/node_modules/@nestjs/core/guards/guards-consumer.js:16:17)
    at async canActivateFn (/Users/mac/Desktop/SEO/node_modules/@nestjs/core/router/router-execution-context.js:135:33)
    at async /Users/mac/Desktop/SEO/node_modules/@nestjs/core/router/router-execution-context.js:42:31
    at async /Users/mac/Desktop/SEO/node_modules/@nestjs/core/router/router-proxy.js:9:17
